case_id,phase,cost_product_ledger_usd,cost_independent_usd,cumulative_usd,native_input_tokens,native_output_tokens,support
CAL-A-C01,calibration,0.027,0.027,0.027,2400,600,
CAL-A-C07,calibration,0.027,0.027,0.054,2400,600,
CAL-A-R01,calibration,0.027,0.027,0.081,2400,600,
CAL-A-R05,calibration,0.027,0.027,0.108,2400,600,
CAL-B-C03-1,calibration,0.027,0.027,0.135,2400,600,
CAL-B-R03-2,calibration,0.027,0.027,0.162,2400,600,
CAL-C-C02,calibration,0.027,0.027,0.189,2400,600,
CAL-C-R06,calibration,0.027,0.027,0.216,2400,600,
CAL-E-01,calibration,0.0135,0.0135,0.2565,1200,300,
CAL-D-TD04-1,calibration,0.027,0.027,0.2835,2400,600,
CAL-D-TD04-2,calibration,0.027,0.027,0.3105,2400,600,
A-C01,core,0.027,0.027,0.3375,2400,600,
A-C02,core,0.027,0.027,0.3645,2400,600,
A-C03,core,0.027,0.027,0.3915,2400,600,
A-C04,core,0.027,0.027,0.4185,2400,600,
A-C05,core,0.027,0.027,0.4455,2400,600,
A-C06,core,0.027,0.027,0.4725,2400,600,
A-C07,core,0.027,0.027,0.4995,2400,600,
A-C08,core,0.027,0.027,0.5265,2400,600,
A-C09,core,0.027,0.027,0.5535,2400,600,
A-C10,core,0.027,0.027,0.5805,2400,600,
A-C11,core,0.027,0.027,0.6075,2400,600,
A-C12,core,0.027,0.027,0.6345,2400,600,
A-C13,core,0.027,0.027,0.6615,2400,600,
A-C14,core,0.027,0.027,0.6885,2400,600,
A-C15,core,0.027,0.027,0.7155,2400,600,
A-C16,core,0.027,0.027,0.7425,2400,600,
A-C17,core,0.027,0.027,0.7695,2400,600,
A-C18,core,0.027,0.027,0.7965,2400,600,
A-C19,core,0.027,0.027,0.8235,2400,600,
A-C20,core,0.027,0.027,0.8505,2400,600,
A-C21,core,0.027,0.027,0.8775,2400,600,
A-C22,core,0.027,0.027,0.9045,2400,600,
A-C23,core,0.027,0.027,0.9315,2400,600,
A-C24,core,0.027,0.027,0.9585,2400,600,
A-C25,core,0.027,0.027,0.9855,2400,600,
A-R01,core,0.027,0.027,1.0125,2400,600,
A-R02,core,0.027,0.027,1.0395,2400,600,
A-R03,core,0.027,0.027,1.0665,2400,600,
A-R04,core,0.027,0.027,1.0935,2400,600,
A-R05,core,0.027,0.027,1.1205,2400,600,
A-R06,core,0.027,0.027,1.1475,2400,600,
A-R07,core,0.027,0.027,1.1745,2400,600,
A-R08,core,0.027,0.027,1.2015,2400,600,
A-R09,core,0.027,0.027,1.2285,2400,600,
A-R10,core,0.027,0.027,1.2555,2400,600,
A-R11,core,0.027,0.027,1.2825,2400,600,
A-R12,core,0.027,0.027,1.3095,2400,600,
A-R13,core,0.027,0.027,1.3365,2400,600,
A-R14,core,0.027,0.027,1.3635,2400,600,
A-R15,core,0.027,0.027,1.3905,2400,600,
A-R16,core,0.027,0.027,1.4175,2400,600,
A-R17,core,0.027,0.027,1.4445,2400,600,
A-R18,core,0.027,0.027,1.4715,2400,600,
A-R19,core,0.027,0.027,1.4985,2400,600,
A-R20,core,0.027,0.027,1.5255,2400,600,
A-R21,core,0.027,0.027,1.5525,2400,600,
A-R22,core,0.027,0.027,1.5795,2400,600,
A-R23,core,0.027,0.027,1.6065,2400,600,
A-R24,core,0.027,0.027,1.6335,2400,600,
A-R25,core,0.027,0.027,1.6605,2400,600,
B-C01-1,core,0.027,0.027,1.6875,2400,600,
B-C01-2,core,0.027,0.027,1.7145,2400,600,
B-C02-1,core,0.027,0.027,1.7415,2400,600,
B-C02-2,core,0.027,0.027,1.7685,2400,600,
B-C03-1,core,0.027,0.027,1.7955,2400,600,
B-C03-2,core,0.027,0.027,1.8225,2400,600,
B-C04-1,core,0.027,0.027,1.8495,2400,600,
B-C04-2,core,0.027,0.027,1.8765,2400,600,
B-C05-1,core,0.027,0.027,1.9035,2400,600,
B-C05-2,core,0.027,0.027,1.9305,2400,600,
B-C06-1,core,0.027,0.027,1.9575,2400,600,
B-C06-2,core,0.027,0.027,1.9845,2400,600,
B-C07-1,core,0.027,0.027,2.0115,2400,600,
B-C07-2,core,0.027,0.027,2.0385,2400,600,
B-C08-1,core,0.027,0.027,2.0655,2400,600,
B-C08-2,core,0.027,0.027,2.0925,2400,600,
B-C09-1,core,0.027,0.027,2.1195,2400,600,
B-C09-2,core,0.027,0.027,2.1465,2400,600,
B-C10-1,core,0.027,0.027,2.1735,2400,600,
B-C10-2,core,0.027,0.027,2.2005,2400,600,
B-C11-1,core,0.027,0.027,2.2275,2400,600,
B-C11-2,core,0.027,0.027,2.2545,2400,600,
B-C12-1,core,0.027,0.027,2.2815,2400,600,
B-C12-2,core,0.027,0.027,2.3085,2400,600,
B-C13-1,core,0.027,0.027,2.3355,2400,600,
B-C13-2,core,0.027,0.027,2.3625,2400,600,
B-R01-1,core,0.027,0.027,2.3895,2400,600,
B-R01-2,core,0.027,0.027,2.4165,2400,600,
B-R02-1,core,0.027,0.027,2.4435,2400,600,
B-R02-2,core,0.027,0.027,2.4705,2400,600,
B-R03-1,core,0.027,0.027,2.4975,2400,600,
B-R03-2,core,0.027,0.027,2.5245,2400,600,
B-R04-1,core,0.027,0.027,2.5515,2400,600,
B-R04-2,core,0.027,0.027,2.5785,2400,600,
B-R05-1,core,0.027,0.027,2.6055,2400,600,
B-R05-2,core,0.027,0.027,2.6325,2400,600,
B-R06-1,core,0.027,0.027,2.6595,2400,600,
B-R06-2,core,0.027,0.027,2.6865,2400,600,
B-R07-1,core,0.027,0.027,2.7135,2400,600,
B-R07-2,core,0.027,0.027,2.7405,2400,600,
B-R08-1,core,0.027,0.027,2.7675,2400,600,
B-R08-2,core,0.027,0.027,2.7945,2400,600,
B-R09-1,core,0.027,0.027,2.8215,2400,600,
B-R09-2,core,0.027,0.027,2.8485,2400,600,
B-R10-1,core,0.027,0.027,2.8755,2400,600,
B-R10-2,core,0.027,0.027,2.9025,2400,600,
B-R11-1,core,0.027,0.027,2.9295,2400,600,
B-R11-2,core,0.027,0.027,2.9565,2400,600,
B-R12-1,core,0.027,0.027,2.9835,2400,600,
B-R12-2,core,0.027,0.027,3.0105,2400,600,
C-C01,core,0.027,0.027,3.0375,2400,600,
C-C02,core,0.027,0.027,3.0645,2400,600,
C-C03,core,0.027,0.027,3.0915,2400,600,
C-C04,core,0.027,0.027,3.1185,2400,600,
C-C05,core,0.027,0.027,3.1455,2400,600,
C-C06,core,0.027,0.027,3.1725,2400,600,
C-C07,core,0.027,0.027,3.1995,2400,600,
C-C08,core,0.027,0.027,3.2265,2400,600,
C-C09,core,0.027,0.027,3.2535,2400,600,
C-C10,core,0.027,0.027,3.2805,2400,600,
C-C11,core,0.027,0.027,3.3075,2400,600,
C-C12,core,0.027,0.027,3.3345,2400,600,
C-C13,core,0.027,0.027,3.3615,2400,600,
C-C14,core,0.027,0.027,3.3885,2400,600,
C-C15,core,0.027,0.027,3.4155,2400,600,
C-C16,core,0.027,0.027,3.4425,2400,600,
C-C17,core,0.027,0.027,3.4695,2400,600,
C-C18,core,0.027,0.027,3.4965,2400,600,
C-C19,core,0.027,0.027,3.5235,2400,600,
C-C20,core,0.027,0.027,3.5505,2400,600,
C-R01,core,0.027,0.027,3.5775,2400,600,
C-R02,core,0.027,0.027,3.6045,2400,600,
C-R03,core,0.027,0.027,3.6315,2400,600,
C-R04,core,0.027,0.027,3.6585,2400,600,
C-R05,core,0.027,0.027,3.6855,2400,600,
C-R06,core,0.027,0.027,3.7125,2400,600,
C-R07,core,0.027,0.027,3.7395,2400,600,
C-R08,core,0.027,0.027,3.7665,2400,600,
C-R09,core,0.027,0.027,3.7935,2400,600,
C-R10,core,0.027,0.027,3.8205,2400,600,
C-R11,core,0.027,0.027,3.8475,2400,600,
C-R12,core,0.027,0.027,3.8745,2400,600,
C-R13,core,0.027,0.027,3.9015,2400,600,
C-R14,core,0.027,0.027,3.9285,2400,600,
C-R15,core,0.027,0.027,3.9555,2400,600,
C-R16,core,0.027,0.027,3.9825,2400,600,
C-R17,core,0.027,0.027,4.0095,2400,600,
C-R18,core,0.027,0.027,4.0365,2400,600,
C-R19,core,0.027,0.027,4.0635,2400,600,
C-R20,core,0.027,0.027,4.0905,2400,600,
D-TD01-1,core,0.027,0.027,4.1175,2400,600,
D-TD01-2,core,0.027,0.027,4.1445,2400,600,
D-TD01-3,core,0.027,0.027,4.1715,2400,600,
D-TD01-4,core,0.027,0.027,4.1985,2400,600,
D-TD01-5,core,0.0135,0.0135,4.212,1200,300,
D-TD02-1,core,0.0135,0.0135,4.2255,1200,300,
D-TD02-2,core,0.0135,0.0135,4.239,1200,300,
D-TD02-3,core,0.027,0.027,4.266,2400,600,
D-TD02-4,core,0.027,0.027,4.293,2400,600,
D-TD02-5,core,0.0135,0.0135,4.3065,1200,300,
D-TD03-1,core,0.027,0.027,4.3335,2400,600,
D-TD03-2,core,0.027,0.027,4.3605,2400,600,
D-TD03-3,core,0.027,0.027,4.3875,2400,600,
D-TD03-4,core,0.027,0.027,4.4145,2400,600,
D-TD03-5,core,0.027,0.027,4.4415,2400,600,
D-TD04-1,core,0.027,0.027,4.4685,2400,600,
D-TD04-2,core,0.027,0.027,4.4955,2400,600,
D-TD04-3,core,0.027,0.027,4.5225,2400,600,
D-TD04-4,core,0.027,0.027,4.5495,2400,600,
D-TD04-5,core,0.027,0.027,4.5765,2400,600,
D-TD05-1,core,0.027,0.027,4.6035,2400,600,
D-TD05-2,core,0.0,0.0,4.6305,0,0,
D-TD05-3,core,0.027,0.027,4.6575,2400,600,
D-TD05-4,core,0.027,0.027,4.6845,2400,600,
D-TD05-5,core,0.027,0.027,4.7115,2400,600,
D-TD06-1,core,0.027,0.027,4.7385,2400,600,
D-TD06-2,core,0.0135,0.0135,4.752,1200,300,
D-TD06-3,core,0.027,0.027,4.779,2400,600,
D-TD06-4,core,0.027,0.027,4.806,2400,600,
D-TD06-5,core,0.0135,0.0135,4.8195,1200,300,
D-TD07-1,core,0.027,0.027,4.8465,2400,600,
D-TD07-2,core,0.027,0.027,4.8735,2400,600,
D-TD07-3,core,0.027,0.027,4.9005,2400,600,
D-TD07-4,core,0.027,0.027,4.9275,2400,600,
D-TD07-5,core,0.027,0.027,4.9545,2400,600,
D-TD08-1,core,0.027,0.027,4.9815,2400,600,
D-TD08-2,core,0.027,0.027,5.0085,2400,600,
D-TD08-3,core,0.027,0.027,5.0355,2400,600,
D-TD08-4,core,0.027,0.027,5.0625,2400,600,
D-TD08-5,core,0.027,0.027,5.0895,2400,600,
D-TD09-1,core,0.027,0.027,5.1165,2400,600,
D-TD09-2,core,0.0,0.0,5.1435,0,0,
D-TD09-3,core,0.027,0.027,5.1705,2400,600,
D-TD09-4,core,0.027,0.027,5.1975,2400,600,
D-TD09-5,core,0.027,0.027,5.2245,2400,600,
D-TD10-1,core,0.027,0.027,5.2515,2400,600,
D-TD10-2,core,0.027,0.027,5.2785,2400,600,
D-TD10-3,core,0.027,0.027,5.3055,2400,600,
D-TD10-4,core,0.027,0.027,5.3325,2400,600,
D-TD10-5,core,0.027,0.027,5.3595,2400,600,
E-01,core,0.0135,0.0135,5.4,1200,300,
E-02,core,0.0135,0.0135,5.4405,1200,300,
E-03,core,0.0135,0.0135,5.481,1200,300,
E-04,core,0.0135,0.0135,5.5215,1200,300,
E-05,core,0.0135,0.0135,5.562,1200,300,
E-06,core,0.0135,0.0135,5.6025,1200,300,
E-07,core,0.0135,0.0135,5.643,1200,300,
E-08,core,0.0135,0.0135,5.6835,1200,300,
E-09,core,0.0135,0.0135,5.724,1200,300,
E-10,core,0.0135,0.0135,5.7645,1200,300,
E-11,core,0.0135,0.0135,5.805,1200,300,
E-12,core,0.0135,0.0135,5.8455,1200,300,
E-13,core,0.027,0.027,6.180275,2400,600,
E-14,core,0.027,0.027,6.514025,2400,600,
E-15,core,0.027,0.027,6.84752,2400,600,
E-16,core,0.027,0.027,7.180955,2400,600,
E-17,core,0.027,0.027,7.207955,2400,600,
E-18,core,0.027,0.027,7.234955,2400,600,
E-19,core,0.027,0.027,7.261955,2400,600,
E-20,core,0.027,0.027,7.288955,2400,600,
F-01,core,0.0135,0.0135,7.302455,1200,300,
F-02,core,0.0135,0.0135,7.315955,1200,300,
F-03,core,0.0135,0.0135,7.329455,1200,300,
F-04,core,0.0135,0.0135,7.342955,1200,300,
F-05,core,0.0135,0.0135,7.356455,1200,300,
F-06,core,0.027,0.027,7.383455,2400,600,
F-07,core,0.0135,0.0135,7.396955,1200,300,
F-08,core,0.0135,0.0135,7.410455,1200,300,
F-09,core,0.0135,0.0135,7.423955,1200,300,
F-10,core,0.0135,0.0135,7.437455,1200,300,
F-11,core,0.0135,0.0135,7.450955,1200,300,
F-12,core,0.0135,0.0135,7.464455,1200,300,
F-13,core,0.0135,0.0135,7.477955,1200,300,
F-14,core,0.0135,0.0135,7.491455,1200,300,
F-15,core,0.0135,0.0135,7.504955,1200,300,
F-16,core,0.0135,0.0135,7.518455,1200,300,
F-17,core,0.0135,0.0135,7.531955,1200,300,
F-18,core,0.0135,0.0135,7.545455,1200,300,
F-19,core,0.0135,0.0135,7.558955,1200,300,
F-20,core,0.027,0.027,7.585955,2400,600,
G-01-1,core,0.027,0.027,7.612955,2400,600,
G-01-2,core,0.027,0.027,7.639955,2400,600,
G-02-1,core,0.027,0.027,7.666955,2400,600,
G-02-2,core,0.027,0.027,7.693955,2400,600,
G-03-1,core,0.027,0.027,7.720955,2400,600,
G-03-2,core,0.027,0.027,7.747955,2400,600,
G-04-1,core,0.027,0.027,7.774955,2400,600,
G-04-2,core,0.027,0.027,7.801955,2400,600,
G-05-1,core,0.027,0.027,7.828955,2400,600,
G-05-2,core,0.027,0.027,7.855955,2400,600,
G-06-1,core,0.027,0.027,7.882955,2400,600,
G-06-2,core,0.027,0.027,7.909955,2400,600,
G-07-1,core,0.027,0.027,7.936955,2400,600,
G-07-2,core,0.027,0.027,7.963955,2400,600,
G-08-1,core,0.027,0.027,7.990955,2400,600,
G-08-2,core,0.027,0.027,8.017955,2400,600,
G-09-1,core,0.027,0.027,8.044955,2400,600,
G-09-2,core,0.027,0.027,8.071955,2400,600,
G-10-1,core,0.027,0.027,8.098955,2400,600,
G-10-2,core,0.027,0.027,8.125955,2400,600,
CAL-E-01::clarification-response,calibration,0.027,,,,,TRUE
D-TD05-2::domain-follow-action,core,0.027,,,,,TRUE
D-TD09-2::domain-follow-action,core,0.027,,,,,TRUE
E-01::clarification-response,core,0.027,,,,,TRUE
E-02::clarification-response,core,0.027,,,,,TRUE
E-03::clarification-response,core,0.027,,,,,TRUE
E-04::clarification-response,core,0.027,,,,,TRUE
E-05::clarification-response,core,0.027,,,,,TRUE
E-06::clarification-response,core,0.027,,,,,TRUE
E-07::clarification-response,core,0.027,,,,,TRUE
E-08::clarification-response,core,0.027,,,,,TRUE
E-09::clarification-response,core,0.027,,,,,TRUE
E-10::clarification-response,core,0.027,,,,,TRUE
E-11::clarification-response,core,0.027,,,,,TRUE
E-12::clarification-response,core,0.027,,,,,TRUE
E-13::setup-1,core,0.307775,,,,,TRUE
E-14::setup-1,core,0.30675,,,,,TRUE
E-15::setup-1,core,0.306495,,,,,TRUE
E-16::setup-1,core,0.306435,,,,,TRUE
