case_id,phase,artifact_id,run_id,kind,release_id,columns,row_count,produced_rows,complete,relations,domain_id,code_digest,created_at,execution_ms
A-C01,core,art-7709037ef2b148e7,run-b12f56e31f8d43c89e6f0b64780168dd,result,v4-saudi-corporate-20q-v4,"[""ead""]",1,1,TRUE,"[""corp_borrower_quarter"", ""corp_facility_quarter"", ""corp_collateral_quarter"", ""corp_covenant_quarter""]",corporate,sha256:4a5889b0866e3d6a6daaa037f6075980894211685651d82c33fa2562d5845c8c,2026-09-27T22:00:05.623+00:00,4
A-C02,core,art-1c10c9cec1b640f3,run-43a3f4e1f9d347ecbd3a791d911e6346,result,v4-saudi-corporate-20q-v4,"[""ead_s2""]",1,1,TRUE,"[""corp_borrower_quarter"", ""corp_facility_quarter"", ""corp_collateral_quarter"", ""corp_covenant_quarter""]",corporate,sha256:2b712b35636342fcbd28223230a1c5f75d48f3fec98a573347e8adb2b2f0dbf7,2026-09-27T22:00:05.971+00:00,5
A-C03,core,art-a7f67027e0614967,run-703c8143ae714aa292f78a93b86973c6,result,v4-saudi-corporate-20q-v4,"[""ead_s3""]",1,1,TRUE,"[""corp_borrower_quarter"", ""corp_facility_quarter"", ""corp_collateral_quarter"", ""corp_covenant_quarter""]",corporate,sha256:71a38d3d244969b477672003382ffb4087d926a726e74d48813fa94537d3a91b,2026-09-27T22:00:06.270+00:00,7
A-C04,core,art-46bc25de920a48c0,run-194461179e3b4269b52413f1afcef4e8,result,v4-saudi-corporate-20q-v4,"[""ead_s1""]",1,1,TRUE,"[""corp_borrower_quarter"", ""corp_facility_quarter"", ""corp_collateral_quarter"", ""corp_covenant_quarter""]",corporate,sha256:558c54c2c518fc465aa52e4a60575f1feb8dcaf357969c76fb1a70d7ecd79bbf,2026-09-27T22:00:06.564+00:00,5
A-C05,core,art-6332decab5794c8a,run-d894802cc77c476b8b15c1238ec430f8,result,v4-saudi-corporate-20q-v4,"[""ecl""]",1,1,TRUE,"[""corp_borrower_quarter"", ""corp_facility_quarter"", ""corp_collateral_quarter"", ""corp_covenant_quarter""]",corporate,sha256:1b4eaedcb76fc8a0f3fdaa1dc8fff9059e762ad7d88acb7828eb24bb6586bd9b,2026-09-27T22:00:06.859+00:00,5
A-C06,core,art-b20afa66ee084821,run-555cd88d3b0e465a8fb60d60d72c6bbd,result,v4-saudi-corporate-20q-v4,"[""stage"", ""ead""]",3,3,TRUE,"[""corp_borrower_quarter"", ""corp_facility_quarter"", ""corp_collateral_quarter"", ""corp_covenant_quarter""]",corporate,sha256:e1ddf9f84f757cd31fccc8e3c05305970ffd258b11285efba4103d09ce92aa35,2026-09-27T22:00:07.151+00:00,8
A-C07,core,art-f33ae0563c1e4dd5,run-1ce0480946d7487399924154e8367dc2,result,v4-saudi-corporate-20q-v4,"[""sector"", ""ead_s2""]",14,14,TRUE,"[""corp_borrower_quarter"", ""corp_facility_quarter"", ""corp_collateral_quarter"", ""corp_covenant_quarter""]",corporate,sha256:6b953f3e7d409ccb0195e06eaad1849deb51d746ea29053296e0322264f4afc1,2026-09-27T22:00:07.449+00:00,8
A-C08,core,art-6fe5ec6bfa964f2e,run-5a9e48edf74e40d1882e26ec3b9c796f,result,v4-saudi-corporate-20q-v4,"[""sector"", ""ead""]",14,14,TRUE,"[""corp_borrower_quarter"", ""corp_facility_quarter"", ""corp_collateral_quarter"", ""corp_covenant_quarter""]",corporate,sha256:3100d1c6ce9e8ad133f2f616cb6d20511cdccd2193bcbc4634fa385197ba189c,2026-09-27T22:00:07.828+00:00,6
A-C09,core,art-a13d63a6e9724f67,run-4c2d267540404a449acd8b42559a11b1,result,v4-saudi-corporate-20q-v4,"[""sector"", ""ecl""]",5,5,TRUE,"[""corp_borrower_quarter"", ""corp_facility_quarter"", ""corp_collateral_quarter"", ""corp_covenant_quarter""]",corporate,sha256:d5a290f3c21a94da5c47bed6f42a926a6a0caddb8bf2cc003ecb115ee72041f6,2026-09-27T22:00:08.293+00:00,6
A-C10,core,art-d6db849fc8784ce8,run-de3c19bf1e9c42c1a1213b30238703b7,result,v4-saudi-corporate-20q-v4,"[""sector"", ""ead_s3""]",3,3,TRUE,"[""corp_borrower_quarter"", ""corp_facility_quarter"", ""corp_collateral_quarter"", ""corp_covenant_quarter""]",corporate,sha256:5ec243c0d72e826ca60fef04f1a5eb9f6086f07db4f60f9c64020af3219f09fb,2026-09-27T22:00:08.641+00:00,8
A-C11,core,art-818ed447ffc94f94,run-9b5e6189918b47ff8e31082c98a3d755,result,v4-saudi-corporate-20q-v4,"[""region"", ""ead""]",10,10,TRUE,"[""corp_borrower_quarter"", ""corp_facility_quarter"", ""corp_collateral_quarter"", ""corp_covenant_quarter""]",corporate,sha256:3a1a00ca4c148e9cf2938fa718a7de2d02f022f90f8aaf5556f9e17049be6c2c,2026-09-27T22:00:09.056+00:00,8
A-C12,core,art-baefc9831d15434e,run-5558831caf784fb4a24cca159f403108,result,v4-saudi-corporate-20q-v4,"[""coverage""]",1,1,TRUE,"[""corp_borrower_quarter"", ""corp_facility_quarter"", ""corp_collateral_quarter"", ""corp_covenant_quarter""]",corporate,sha256:49a3cd256e4784acdb7fa37815212cc32c6fd2e2c60d6647adf53636c70c405e,2026-09-27T22:00:09.510+00:00,5
A-C13,core,art-cabebff324ab4165,run-d54dd7719e2c4cc68c96147de8c0a51e,result,v4-saudi-corporate-20q-v4,"[""s2_share""]",1,1,TRUE,"[""corp_borrower_quarter"", ""corp_facility_quarter"", ""corp_collateral_quarter"", ""corp_covenant_quarter""]",corporate,sha256:a490e4c2aede8f40cba44df1808ede2a1fe3dd03839dd4cda6aa43dd694b93cc,2026-09-27T22:00:09.933+00:00,9
A-C14,core,art-c2dac5b0c1074a75,run-93fc84d6aa9a4fffbca3506c1278c16f,result,v4-saudi-corporate-20q-v4,"[""sector"", ""s2_share""]",14,14,TRUE,"[""corp_borrower_quarter"", ""corp_facility_quarter"", ""corp_collateral_quarter"", ""corp_covenant_quarter""]",corporate,sha256:ac3684d734b7badc38e6b34ab1e0f85e306c3025b712b02cfff73c4d1ff29d93,2026-09-27T22:00:10.254+00:00,8
A-C15,core,art-d4ba0bba2f0b4053,run-8ae54e1429a5487bb5b39b67d9c5d1b5,result,v4-saudi-corporate-20q-v4,"[""ead""]",1,1,TRUE,"[""corp_borrower_quarter"", ""corp_facility_quarter"", ""corp_collateral_quarter"", ""corp_covenant_quarter""]",corporate,sha256:1921f3753300d50f6999bd760653654824ab823974841a9718a4cc232e0f6faf,2026-09-27T22:00:10.654+00:00,4
A-C16,core,art-071533543f7048fb,run-798f65ac22bf407e835692544a40cbc3,result,v4-saudi-corporate-20q-v4,"[""ead_s2_latest"", ""ead_s2_base"", ""ead_s2_abs_change"", ""ead_s2_pct_change""]",1,1,TRUE,"[""corp_borrower_quarter"", ""corp_facility_quarter"", ""corp_collateral_quarter"", ""corp_covenant_quarter""]",corporate,sha256:068ef47b281fc02618b2d5b67ea1ec9fcbdd637bb7712991b773edc5da3c471b,2026-09-27T22:00:11.042+00:00,7
A-C17,core,art-30c75aababbc40c0,run-68862a46e3204068a2a62b575536fb5f,result,v4-saudi-corporate-20q-v4,"[""sector"", ""ead_latest"", ""ead_base"", ""ead_abs_change"", ""ead_pct_change""]",14,14,TRUE,"[""corp_borrower_quarter"", ""corp_facility_quarter"", ""corp_collateral_quarter"", ""corp_covenant_quarter""]",corporate,sha256:cddd87b6ceb8a909626afb5879ec4c2771f560570e2881709aed249aad7af3f5,2026-09-27T22:00:11.358+00:00,10
A-C18,core,art-1fe0b0f31e2741a8,run-b5b147a7ce504fe1aaf252c3a24cb51d,result,v4-saudi-corporate-20q-v4,"[""pd_w""]",1,1,TRUE,"[""corp_borrower_quarter"", ""corp_facility_quarter"", ""corp_collateral_quarter"", ""corp_covenant_quarter""]",corporate,sha256:a371598c63596ccc24515e7127a4c25b5678c9d7129a6d38c831b5d87027a6ec,2026-09-27T22:00:11.916+00:00,5
A-C19,core,art-113bea8441d64266,run-79a23041c06e4c3d856825806baaef13,result,v4-saudi-corporate-20q-v4,"[""sector"", ""lgd_w""]",14,14,TRUE,"[""corp_borrower_quarter"", ""corp_facility_quarter"", ""corp_collateral_quarter"", ""corp_covenant_quarter""]",corporate,sha256:1cc5ba533621e8a69fa3f6d094bf8f1ea91294eb7da569e01ff06af1ebe3728c,2026-09-27T22:00:12.390+00:00,8
A-C20,core,art-926f360069944987,run-c215962a94cb4f74870ba17d53224dab,result,v4-saudi-corporate-20q-v4,"[""dpd90_ead""]",1,1,TRUE,"[""corp_borrower_quarter"", ""corp_facility_quarter"", ""corp_collateral_quarter"", ""corp_covenant_quarter""]",corporate,sha256:989a03cfc67a00f665525f4427efffde5fdd6ef3d6045e14c30d1aaca104493b,2026-09-27T22:00:12.879+00:00,6
A-C21,core,art-5617b927ca44412c,run-f224e402b7974516aa5b4299decebccd,result,v4-saudi-corporate-20q-v4,"[""product_type"", ""ecl""]",8,8,TRUE,"[""corp_borrower_quarter"", ""corp_facility_quarter"", ""corp_collateral_quarter"", ""corp_covenant_quarter""]",corporate,sha256:062652633cc683714708b33b144b9180cdad503c11287ef8b168a7cc6afa397e,2026-09-27T22:00:13.341+00:00,6
A-C22,core,art-124f67ee9dcc4559,run-fd4f3e0a996e4d9d85a708073a70e446,result,v4-saudi-corporate-20q-v4,"[""borrower_name"", ""ead""]",10,10,TRUE,"[""corp_borrower_quarter"", ""corp_facility_quarter"", ""corp_collateral_quarter"", ""corp_covenant_quarter""]",corporate,sha256:0ef5a58e188cf6b0f14383ad0bac64bc2c5e0a9e79f1c937598fe62e352cd015,2026-09-27T22:00:13.678+00:00,9
A-C23,core,art-0328a541ef72431f,run-b8253ceb4e1c4cdc843c10ee3de38b76,result,v4-saudi-corporate-20q-v4,"[""n_s3""]",1,1,TRUE,"[""corp_borrower_quarter"", ""corp_facility_quarter"", ""corp_collateral_quarter"", ""corp_covenant_quarter""]",corporate,sha256:7c5bc5f3480133e73615162f6babff78276b3e436a738c85801e89f87cddbb88,2026-09-27T22:00:13.908+00:00,8
A-C24,core,art-f1aba664d12a4e23,run-e95dcdda6a1b4bcf8404ff119871fe19,result,v4-saudi-corporate-20q-v4,"[""relationship_tier"", ""ead""]",3,3,TRUE,"[""corp_borrower_quarter"", ""corp_facility_quarter"", ""corp_collateral_quarter"", ""corp_covenant_quarter""]",corporate,sha256:cc625c39b6d78a788c8e987167b9ddfd916c1df2747cc0971e9a746317115e23,2026-09-27T22:00:14.239+00:00,7
A-C25,core,art-e1d81529ad884fae,run-90e565fbe61d4a2d84ca774941323d86,result,v4-saudi-corporate-20q-v4,"[""ead_s1"", ""ead_s2"", ""ead_s3"", ""ead""]",1,1,TRUE,"[""corp_borrower_quarter"", ""corp_facility_quarter"", ""corp_collateral_quarter"", ""corp_covenant_quarter""]",corporate,sha256:250fb5f410022f25bcdf70475c85ddb8ed863e5cdb4ea899298dc9067930948f,2026-09-27T22:00:14.680+00:00,6
A-R01,core,art-2b3a71f60c3544d1,run-487d676c379d4767bd74a7d79c763e30,result,v4-saudi-retail-20m-v5,"[""ead""]",1,1,TRUE,"[""retail_customer_month"", ""retail_account_month"", ""retail_behaviour_month"", ""retail_collateral_month""]",retail,sha256:7f83e9a3429d92af1d18c8032b33c2d18779ef6ed756c3ea7ba610131adbe523,2026-09-27T22:00:15.167+00:00,5
A-R02,core,art-19017f998e1f4c64,run-fb6083bd57514ed59e37488191225185,result,v4-saudi-retail-20m-v5,"[""ead_s2""]",1,1,TRUE,"[""retail_customer_month"", ""retail_account_month"", ""retail_behaviour_month"", ""retail_collateral_month""]",retail,sha256:aac9067239eafc0782ab432b4ae2a27794fdbd82a34ca6970e22079a809e583c,2026-09-27T22:00:15.542+00:00,6
A-R03,core,art-178e0845620d4c21,run-299bcc2be0024f688537a1788ddf5cb8,result,v4-saudi-retail-20m-v5,"[""ead_s3""]",1,1,TRUE,"[""retail_customer_month"", ""retail_account_month"", ""retail_behaviour_month"", ""retail_collateral_month""]",retail,sha256:6972540fe4e6e3167946de8d02bc6535aa502b64a99afe9f13490d217519414d,2026-09-27T22:00:15.845+00:00,5
A-R04,core,art-614c0aa16bb84f86,run-79110ce4248644e6a17c45d37c5d73ab,result,v4-saudi-retail-20m-v5,"[""ecl""]",1,1,TRUE,"[""retail_customer_month"", ""retail_account_month"", ""retail_behaviour_month"", ""retail_collateral_month""]",retail,sha256:47da9714bd1578435c92e6f098866c355ee938b3980bade44160dee512051faf,2026-09-27T22:00:16.133+00:00,5
A-R05,core,art-a6a8ab1ea5674fa0,run-019dc4419a2b491cb422a28120b205d2,result,v4-saudi-retail-20m-v5,"[""product"", ""ead""]",5,5,TRUE,"[""retail_customer_month"", ""retail_account_month"", ""retail_behaviour_month"", ""retail_collateral_month""]",retail,sha256:d9fde35bf59bbb99f87b6020cbbbb91ce7f60b50a24045a3dcc0b0d5f7cd30dd,2026-09-27T22:00:16.414+00:00,8
A-R06,core,art-47acb85f43af4c46,run-0a69ce74122b4b3ea3aee10051f92d10,result,v4-saudi-retail-20m-v5,"[""product"", ""ead_s2""]",5,5,TRUE,"[""retail_customer_month"", ""retail_account_month"", ""retail_behaviour_month"", ""retail_collateral_month""]",retail,sha256:7ea7c373d4add0dc2f581d41db14a9d4650892aa36a5850086eda469cb3d6353,2026-09-27T22:00:16.762+00:00,7
A-R07,core,art-831de5a1d1be4273,run-8b61d57e9ab045ceb8211a1f5c7979df,result,v4-saudi-retail-20m-v5,"[""product"", ""ecl""]",5,5,TRUE,"[""retail_customer_month"", ""retail_account_month"", ""retail_behaviour_month"", ""retail_collateral_month""]",retail,sha256:d71d3c7344dc361921b1634ee88082488061084dea1e738eb3a428d02c424664,2026-09-27T22:00:17.077+00:00,7
A-R08,core,art-cfded00f33c74216,run-be055c0a0f8644dba79d2a6e6f9c6bd5,result,v4-saudi-retail-20m-v5,"[""stage"", ""ead""]",3,3,TRUE,"[""retail_customer_month"", ""retail_account_month"", ""retail_behaviour_month"", ""retail_collateral_month""]",retail,sha256:2c47fbb5893d5cf56637f9c239309fa5f36e9c424deef65a737551a186cc629f,2026-09-27T22:00:17.372+00:00,6
A-R09,core,art-7fa06b3321394e61,run-10899f9a53134a51810c5ac587c85610,result,v4-saudi-retail-20m-v5,"[""region"", ""ead""]",8,8,TRUE,"[""retail_customer_month"", ""retail_account_month"", ""retail_behaviour_month"", ""retail_collateral_month""]",retail,sha256:2b876cf10b6b7a2dd8880a6c7f62e3ab2552e3a9e86bef3bbd71a26e40403d48,2026-09-27T22:00:17.669+00:00,7
A-R10,core,art-ce668c8d5c824605,run-21ae99097b79417db2176da2f08dc63a,result,v4-saudi-retail-20m-v5,"[""region"", ""ecl""]",3,3,TRUE,"[""retail_customer_month"", ""retail_account_month"", ""retail_behaviour_month"", ""retail_collateral_month""]",retail,sha256:49ccf0545ab77a98d8c41712a9fa9fabb09ae2750fbefa63a409f0a39704f7d0,2026-09-27T22:00:18.041+00:00,12
A-R11,core,art-426113d608cd4ee1,run-cfdce29a9728474dba428f37f875f614,result,v4-saudi-retail-20m-v5,"[""coverage""]",1,1,TRUE,"[""retail_customer_month"", ""retail_account_month"", ""retail_behaviour_month"", ""retail_collateral_month""]",retail,sha256:47a394a9d44f5bab787af3dd305b1999926ee76ce5a047e9c8f9e3426ff71e1c,2026-09-27T22:00:18.369+00:00,6
A-R12,core,art-fd2f67549e554c80,run-5b3ca2333f414da88cbf9fa6c14259c7,result,v4-saudi-retail-20m-v5,"[""product"", ""coverage""]",5,5,TRUE,"[""retail_customer_month"", ""retail_account_month"", ""retail_behaviour_month"", ""retail_collateral_month""]",retail,sha256:d2e417ab5101decbfbc9cbc9cdb4c4ec2bd7c8b50f0327ee3c53185be58d5a55,2026-09-27T22:00:18.667+00:00,10
A-R13,core,art-f1d498366bd14ab1,run-1382f5c09c7d43d68dc0128cbe45f90a,result,v4-saudi-retail-20m-v5,"[""s2_share""]",1,1,TRUE,"[""retail_customer_month"", ""retail_account_month"", ""retail_behaviour_month"", ""retail_collateral_month""]",retail,sha256:e33899b402cc85b31d95676ca0c52090a1cb9550a029c083176e796f3996b42d,2026-09-27T22:00:18.917+00:00,7
A-R14,core,art-c4fee8d967ac454c,run-69180f89d2ce41e380681e8e5c6defaf,result,v4-saudi-retail-20m-v5,"[""product"", ""s2_share""]",5,5,TRUE,"[""retail_customer_month"", ""retail_account_month"", ""retail_behaviour_month"", ""retail_collateral_month""]",retail,sha256:448dc081f019efbd194f14989f0d5b108b5854a44699cb798d6ea1b1a302210a,2026-09-27T22:00:19.262+00:00,9
A-R15,core,art-e53958118d3e49c4,run-52a5607e9b3a417baff712b2bbbbbb27,result,v4-saudi-retail-20m-v5,"[""ead""]",1,1,TRUE,"[""retail_customer_month"", ""retail_account_month"", ""retail_behaviour_month"", ""retail_collateral_month""]",retail,sha256:736d77295ae4b827c29578600292b9115c7f807a23dc13ef2376c5b2803e3be9,2026-09-27T22:00:19.570+00:00,7
A-R16,core,art-805b83e1620e44cf,run-7b07fc32c74b4660aa899fe0e742aa46,result,v4-saudi-retail-20m-v5,"[""ecl_latest"", ""ecl_base"", ""ecl_abs_change"", ""ecl_pct_change""]",1,1,TRUE,"[""retail_customer_month"", ""retail_account_month"", ""retail_behaviour_month"", ""retail_collateral_month""]",retail,sha256:bd8126df47011fea5c7b30ef8f7029d516db2caa2b685f82b7e77889c7b140c0,2026-09-27T22:00:19.905+00:00,7
A-R17,core,art-3ca2c922d9c34222,run-b803b495dcd94b84a0575d0cc31609ca,result,v4-saudi-retail-20m-v5,"[""product"", ""ead_s2_latest"", ""ead_s2_base"", ""ead_s2_abs_change"", ""ead_s2_pct_change""]",5,5,TRUE,"[""retail_customer_month"", ""retail_account_month"", ""retail_behaviour_month"", ""retail_collateral_month""]",retail,sha256:ef456b6cfd5cf0d4f7c7f2e46b4c77fbaf3050cc932eda5f7377f1685ac76852,2026-09-27T22:00:20.206+00:00,12
A-R18,core,art-159623b5ee504a3e,run-7ba24933681e41b39a8d513b4d823abb,result,v4-saudi-retail-20m-v5,"[""dpd30_ead""]",1,1,TRUE,"[""retail_customer_month"", ""retail_account_month"", ""retail_behaviour_month"", ""retail_collateral_month""]",retail,sha256:480af287b795abea147f2f7fd9c8b25b493401a6e6214b2cecf46b3f27b51cc4,2026-09-27T22:00:20.483+00:00,5
A-R19,core,art-38c6aa9ade884c2b,run-a2343384807243eb8370800782449bac,result,v4-saudi-retail-20m-v5,"[""delinquency_bucket"", ""ead""]",5,5,TRUE,"[""retail_customer_month"", ""retail_account_month"", ""retail_behaviour_month"", ""retail_collateral_month""]",retail,sha256:7fcf4fe1dfe9bc5b2f9e86b58d768244c2bb0acd3b918fd29dd136ad7433c812,2026-09-27T22:00:20.786+00:00,9
A-R20,core,art-46a4c39d780f48ad,run-682f4e8423a849a6a8ae8af10c350411,result,v4-saudi-retail-20m-v5,"[""n_s3""]",1,1,TRUE,"[""retail_customer_month"", ""retail_account_month"", ""retail_behaviour_month"", ""retail_collateral_month""]",retail,sha256:446ecb4a03b314e78674ec434f022331c609da88a36e563de5950ed6007baef7,2026-09-27T22:00:21.082+00:00,5
A-R21,core,art-30dd1660ab06450b,run-05fa2d36869a4e9a9a0aa60d6aac54f4,result,v4-saudi-retail-20m-v5,"[""customer_segment"", ""ead""]",4,4,TRUE,"[""retail_customer_month"", ""retail_account_month"", ""retail_behaviour_month"", ""retail_collateral_month""]",retail,sha256:b5b494b96882cf88392c00e37276a10ba34ab89bda739a3205d89f4c8d316332,2026-09-27T22:00:21.430+00:00,8
A-R22,core,art-cdea67f17ffa471a,run-7bd3f5c992e3462eb76bf6acd6ba0dd2,result,v4-saudi-retail-20m-v5,"[""product"", ""pd_w""]",5,5,TRUE,"[""retail_customer_month"", ""retail_account_month"", ""retail_behaviour_month"", ""retail_collateral_month""]",retail,sha256:dcc8df43900a0509350cf6a10c924679410e9d8aed598954cccdffdf4f21df1b,2026-09-27T22:00:21.790+00:00,8
A-R23,core,art-b2f50d1d466d468b,run-d41cd38d43e54ab2a091a7bb354d60c8,result,v4-saudi-retail-20m-v5,"[""sub_product"", ""ecl""]",3,3,TRUE,"[""retail_customer_month"", ""retail_account_month"", ""retail_behaviour_month"", ""retail_collateral_month""]",retail,sha256:0e20c15b666fba50a1c728915e54342210b204f3ffe13331b95e0cb177cd56b3,2026-09-27T22:00:22.049+00:00,7
A-R24,core,art-e1b02ae10adf4feb,run-21b69ae9859046bfbe8c0299bfddf1d2,result,v4-saudi-retail-20m-v5,"[""product"", ""coverage""]",2,2,TRUE,"[""retail_customer_month"", ""retail_account_month"", ""retail_behaviour_month"", ""retail_collateral_month""]",retail,sha256:f65e0fbffa89456e7c7f86745c8a12838ae2d50b2e63c7eead28f8bfcc8063e7,2026-09-27T22:00:22.424+00:00,8
A-R25,core,art-7e56e6b87fb241e1,run-a28985e5377a4a80b5dc215709623e40,result,v4-saudi-retail-20m-v5,"[""ead_s1"", ""ead_s2"", ""ead_s3"", ""ead""]",1,1,TRUE,"[""retail_customer_month"", ""retail_account_month"", ""retail_behaviour_month"", ""retail_collateral_month""]",retail,sha256:029d1252bbdc1f5dc1d408714240b16590a5c4cba3b8e2eb5cb7401f9d310640,2026-09-27T22:00:22.720+00:00,7
B-C01-1,core,art-690bd3edcc6e4aa2,run-318a039116d8418fa6b134870613ce36,result,v4-saudi-corporate-20q-v4,"[""ead""]",1,1,TRUE,"[""corp_borrower_quarter"", ""corp_facility_quarter"", ""corp_collateral_quarter"", ""corp_covenant_quarter""]",corporate,sha256:4a5889b0866e3d6a6daaa037f6075980894211685651d82c33fa2562d5845c8c,2026-09-27T22:00:23.110+00:00,4
B-C01-2,core,art-621218a1f1bd4c33,run-f54ccfbd20054198b48c82af17a032e4,result,v4-saudi-corporate-20q-v4,"[""ead""]",1,1,TRUE,"[""corp_borrower_quarter"", ""corp_facility_quarter"", ""corp_collateral_quarter"", ""corp_covenant_quarter""]",corporate,sha256:4a5889b0866e3d6a6daaa037f6075980894211685651d82c33fa2562d5845c8c,2026-09-27T22:00:23.520+00:00,6
B-C02-1,core,art-94a1fc7f30e8433f,run-30bdeb844d1147c0ada23f7d7ba288d8,result,v4-saudi-corporate-20q-v4,"[""ead_s2""]",1,1,TRUE,"[""corp_borrower_quarter"", ""corp_facility_quarter"", ""corp_collateral_quarter"", ""corp_covenant_quarter""]",corporate,sha256:2b712b35636342fcbd28223230a1c5f75d48f3fec98a573347e8adb2b2f0dbf7,2026-09-27T22:00:23.939+00:00,5
B-C02-2,core,art-fc182eea922142ab,run-d2467cdac888428a817e9de8ee9d8f33,result,v4-saudi-corporate-20q-v4,"[""ead_s2""]",1,1,TRUE,"[""corp_borrower_quarter"", ""corp_facility_quarter"", ""corp_collateral_quarter"", ""corp_covenant_quarter""]",corporate,sha256:2b712b35636342fcbd28223230a1c5f75d48f3fec98a573347e8adb2b2f0dbf7,2026-09-27T22:00:24.420+00:00,5
B-C03-1,core,art-8600b9c6dd0a4926,run-ddf318d44ab449f78c0e8f09ad6e4067,result,v4-saudi-corporate-20q-v4,"[""sector"", ""ead_s2""]",14,14,TRUE,"[""corp_borrower_quarter"", ""corp_facility_quarter"", ""corp_collateral_quarter"", ""corp_covenant_quarter""]",corporate,sha256:6b953f3e7d409ccb0195e06eaad1849deb51d746ea29053296e0322264f4afc1,2026-09-27T22:00:24.747+00:00,8
B-C03-2,core,art-77adb2bfa4e94add,run-0110203a49f24059a7521ba799633f0f,result,v4-saudi-corporate-20q-v4,"[""sector"", ""ead_s2""]",14,14,TRUE,"[""corp_borrower_quarter"", ""corp_facility_quarter"", ""corp_collateral_quarter"", ""corp_covenant_quarter""]",corporate,sha256:6b953f3e7d409ccb0195e06eaad1849deb51d746ea29053296e0322264f4afc1,2026-09-27T22:00:25.046+00:00,7
B-C04-1,core,art-87f0ff8a44914f8b,run-495cd2aad28e4f13ac25183999282dfc,result,v4-saudi-corporate-20q-v4,"[""sector"", ""ecl""]",5,5,TRUE,"[""corp_borrower_quarter"", ""corp_facility_quarter"", ""corp_collateral_quarter"", ""corp_covenant_quarter""]",corporate,sha256:d5a290f3c21a94da5c47bed6f42a926a6a0caddb8bf2cc003ecb115ee72041f6,2026-09-27T22:00:25.445+00:00,7
B-C04-2,core,art-6ea5fae10e6a493c,run-a09d8fe31248464fad566611e5c9b29f,result,v4-saudi-corporate-20q-v4,"[""sector"", ""ecl""]",5,5,TRUE,"[""corp_borrower_quarter"", ""corp_facility_quarter"", ""corp_collateral_quarter"", ""corp_covenant_quarter""]",corporate,sha256:d5a290f3c21a94da5c47bed6f42a926a6a0caddb8bf2cc003ecb115ee72041f6,2026-09-27T22:00:25.948+00:00,8
B-C05-1,core,art-a16752e240fb4e81,run-58a46ce8da3640bcae94417ed19eab75,result,v4-saudi-corporate-20q-v4,"[""coverage""]",1,1,TRUE,"[""corp_borrower_quarter"", ""corp_facility_quarter"", ""corp_collateral_quarter"", ""corp_covenant_quarter""]",corporate,sha256:49a3cd256e4784acdb7fa37815212cc32c6fd2e2c60d6647adf53636c70c405e,2026-09-27T22:00:26.427+00:00,6
B-C05-2,core,art-65175dcc25614f93,run-cb036738111b46b59d60f690c0939469,result,v4-saudi-corporate-20q-v4,"[""coverage""]",1,1,TRUE,"[""corp_borrower_quarter"", ""corp_facility_quarter"", ""corp_collateral_quarter"", ""corp_covenant_quarter""]",corporate,sha256:49a3cd256e4784acdb7fa37815212cc32c6fd2e2c60d6647adf53636c70c405e,2026-09-27T22:00:26.982+00:00,5
B-C06-1,core,art-9242a16fb73147d4,run-53b597a147494b989c6132150e90bc22,result,v4-saudi-corporate-20q-v4,"[""s2_share""]",1,1,TRUE,"[""corp_borrower_quarter"", ""corp_facility_quarter"", ""corp_collateral_quarter"", ""corp_covenant_quarter""]",corporate,sha256:a490e4c2aede8f40cba44df1808ede2a1fe3dd03839dd4cda6aa43dd694b93cc,2026-09-27T22:00:27.532+00:00,5
B-C06-2,core,art-93caf805de9e4bcf,run-fb242675db8949e1b4c138708b532ed4,result,v4-saudi-corporate-20q-v4,"[""s2_share""]",1,1,TRUE,"[""corp_borrower_quarter"", ""corp_facility_quarter"", ""corp_collateral_quarter"", ""corp_covenant_quarter""]",corporate,sha256:a490e4c2aede8f40cba44df1808ede2a1fe3dd03839dd4cda6aa43dd694b93cc,2026-09-27T22:00:27.898+00:00,8
B-C07-1,core,art-29b66c08514747fc,run-33de10d672dc4ff6a3414694450b9eda,result,v4-saudi-corporate-20q-v4,"[""ead_s2_latest"", ""ead_s2_base"", ""ead_s2_abs_change"", ""ead_s2_pct_change""]",1,1,TRUE,"[""corp_borrower_quarter"", ""corp_facility_quarter"", ""corp_collateral_quarter"", ""corp_covenant_quarter""]",corporate,sha256:068ef47b281fc02618b2d5b67ea1ec9fcbdd637bb7712991b773edc5da3c471b,2026-09-27T22:00:28.228+00:00,10
B-C07-2,core,art-540fb80f03d7469a,run-5171100255f847bcad55f87e3b766ffa,result,v4-saudi-corporate-20q-v4,"[""ead_s2_latest"", ""ead_s2_base"", ""ead_s2_abs_change"", ""ead_s2_pct_change""]",1,1,TRUE,"[""corp_borrower_quarter"", ""corp_facility_quarter"", ""corp_collateral_quarter"", ""corp_covenant_quarter""]",corporate,sha256:068ef47b281fc02618b2d5b67ea1ec9fcbdd637bb7712991b773edc5da3c471b,2026-09-27T22:00:28.665+00:00,8
B-C08-1,core,art-cf6241f604d74192,run-aeec3b9daa3547bcac8014412a2af6e4,result,v4-saudi-corporate-20q-v4,"[""sector"", ""ead_latest"", ""ead_base"", ""ead_abs_change"", ""ead_pct_change""]",14,14,TRUE,"[""corp_borrower_quarter"", ""corp_facility_quarter"", ""corp_collateral_quarter"", ""corp_covenant_quarter""]",corporate,sha256:cddd87b6ceb8a909626afb5879ec4c2771f560570e2881709aed249aad7af3f5,2026-09-27T22:00:29.167+00:00,10
B-C08-2,core,art-94c6543c8e2d431b,run-0e5157c48c334cb5938c1b7b091cb19f,result,v4-saudi-corporate-20q-v4,"[""sector"", ""ead_latest"", ""ead_base"", ""ead_abs_change"", ""ead_pct_change""]",14,14,TRUE,"[""corp_borrower_quarter"", ""corp_facility_quarter"", ""corp_collateral_quarter"", ""corp_covenant_quarter""]",corporate,sha256:cddd87b6ceb8a909626afb5879ec4c2771f560570e2881709aed249aad7af3f5,2026-09-27T22:00:29.706+00:00,11
B-C09-1,core,art-ed9c7e5bfaf042fb,run-50f4c34f6f66437199d534cc21300272,result,v4-saudi-corporate-20q-v4,"[""borrower_name"", ""ead""]",10,10,TRUE,"[""corp_borrower_quarter"", ""corp_facility_quarter"", ""corp_collateral_quarter"", ""corp_covenant_quarter""]",corporate,sha256:0ef5a58e188cf6b0f14383ad0bac64bc2c5e0a9e79f1c937598fe62e352cd015,2026-09-27T22:00:30.160+00:00,8
B-C09-2,core,art-964a0e9cfea94dd7,run-8fd78caf519745a983cbd3254dad1ce5,result,v4-saudi-corporate-20q-v4,"[""borrower_name"", ""ead""]",10,10,TRUE,"[""corp_borrower_quarter"", ""corp_facility_quarter"", ""corp_collateral_quarter"", ""corp_covenant_quarter""]",corporate,sha256:0ef5a58e188cf6b0f14383ad0bac64bc2c5e0a9e79f1c937598fe62e352cd015,2026-09-27T22:00:30.537+00:00,7
B-C10-1,core,art-ded646c300dd4bd6,run-797bf035e80b4245afdddb4d65280426,result,v4-saudi-corporate-20q-v4,"[""sector"", ""s2_share""]",14,14,TRUE,"[""corp_borrower_quarter"", ""corp_facility_quarter"", ""corp_collateral_quarter"", ""corp_covenant_quarter""]",corporate,sha256:ac3684d734b7badc38e6b34ab1e0f85e306c3025b712b02cfff73c4d1ff29d93,2026-09-27T22:00:31.214+00:00,11
B-C10-2,core,art-d7263531ec864aec,run-a19d78cd28b344ab9c3a4b29d6bd6381,result,v4-saudi-corporate-20q-v4,"[""sector"", ""s2_share""]",14,14,TRUE,"[""corp_borrower_quarter"", ""corp_facility_quarter"", ""corp_collateral_quarter"", ""corp_covenant_quarter""]",corporate,sha256:ac3684d734b7badc38e6b34ab1e0f85e306c3025b712b02cfff73c4d1ff29d93,2026-09-27T22:00:31.733+00:00,14
B-C11-1,core,art-4806f79dcd304f63,run-a11b57f5faf3425ab9954b325b667588,result,v4-saudi-corporate-20q-v4,"[""sector"", ""ead_latest"", ""ead_base"", ""ead_abs_change"", ""ead_pct_change""]",5,5,TRUE,"[""corp_borrower_quarter"", ""corp_facility_quarter"", ""corp_collateral_quarter"", ""corp_covenant_quarter""]",corporate,sha256:fd2bdb27b009589507f58cbb6eef13816d2d4208fbe38cece832336f9d2597ba,2026-09-27T22:00:32.336+00:00,11
B-C11-2,core,art-06028375463f478f,run-087477d300484477a4e6babcd508a423,result,v4-saudi-corporate-20q-v4,"[""sector"", ""ead_latest"", ""ead_base"", ""ead_abs_change"", ""ead_pct_change""]",5,5,TRUE,"[""corp_borrower_quarter"", ""corp_facility_quarter"", ""corp_collateral_quarter"", ""corp_covenant_quarter""]",corporate,sha256:fd2bdb27b009589507f58cbb6eef13816d2d4208fbe38cece832336f9d2597ba,2026-09-27T22:00:32.944+00:00,14
B-C12-1,core,art-2ad46866ba144cb8,run-1064ab69591c40e0a7d5004db79860f2,result,v4-saudi-corporate-20q-v4,"[""sector"", ""ead"", ""ead_s2"", ""ead_s3"", ""ecl"", ""coverage""]",14,14,TRUE,"[""corp_borrower_quarter"", ""corp_facility_quarter"", ""corp_collateral_quarter"", ""corp_covenant_quarter""]",corporate,sha256:4f905b285f37c7c3c5d511d6c058ad20844f34b0d90f028dacbbc86ac7da6765,2026-09-27T22:00:33.520+00:00,8
B-C12-2,core,art-26f7205fca6c45bb,run-6ddd0a3dad6b4f25bbaf09cd56528bf2,result,v4-saudi-corporate-20q-v4,"[""sector"", ""ead"", ""ead_s2"", ""ead_s3"", ""ecl"", ""coverage""]",14,14,TRUE,"[""corp_borrower_quarter"", ""corp_facility_quarter"", ""corp_collateral_quarter"", ""corp_covenant_quarter""]",corporate,sha256:4f905b285f37c7c3c5d511d6c058ad20844f34b0d90f028dacbbc86ac7da6765,2026-09-27T22:00:34.025+00:00,9
B-C13-1,core,art-7432f6b55b1e4b45,run-875ece77bfff4d5c8313fba0376a6a8b,result,v4-saudi-corporate-20q-v4,"[""sector"", ""ead_s2_latest"", ""ead_s2_base"", ""ead_s2_abs_change"", ""ead_s2_pct_change"", ""contribution_share"", ""total_abs_change""]",14,14,TRUE,"[""corp_borrower_quarter"", ""corp_facility_quarter"", ""corp_collateral_quarter"", ""corp_covenant_quarter""]",corporate,sha256:b9c46a84ba85b33c1555375a9667ef7883ce2b2e357e8e53e354f3cd835defb4,2026-09-27T22:00:34.595+00:00,11
B-C13-2,core,art-8cc1a56e57db4395,run-7ff2b4dda8de499885528bea4db87c2a,result,v4-saudi-corporate-20q-v4,"[""sector"", ""ead_s2_latest"", ""ead_s2_base"", ""ead_s2_abs_change"", ""ead_s2_pct_change"", ""contribution_share"", ""total_abs_change""]",14,14,TRUE,"[""corp_borrower_quarter"", ""corp_facility_quarter"", ""corp_collateral_quarter"", ""corp_covenant_quarter""]",corporate,sha256:b9c46a84ba85b33c1555375a9667ef7883ce2b2e357e8e53e354f3cd835defb4,2026-09-27T22:00:35.244+00:00,13
B-R01-1,core,art-27a4224d4999484c,run-274a0d065a0a4644ba5d5cba1ef985e3,result,v4-saudi-retail-20m-v5,"[""ead""]",1,1,TRUE,"[""retail_customer_month"", ""retail_account_month"", ""retail_behaviour_month"", ""retail_collateral_month""]",retail,sha256:7f83e9a3429d92af1d18c8032b33c2d18779ef6ed756c3ea7ba610131adbe523,2026-09-27T22:00:35.593+00:00,4
B-R01-2,core,art-5a7adc39e9a44c24,run-8832a1945f904486abb856a13fa49462,result,v4-saudi-retail-20m-v5,"[""ead""]",1,1,TRUE,"[""retail_customer_month"", ""retail_account_month"", ""retail_behaviour_month"", ""retail_collateral_month""]",retail,sha256:7f83e9a3429d92af1d18c8032b33c2d18779ef6ed756c3ea7ba610131adbe523,2026-09-27T22:00:35.978+00:00,4
B-R02-1,core,art-4975ded282ac4d6c,run-f6f0c5ab263d433f91ea632787640690,result,v4-saudi-retail-20m-v5,"[""ecl""]",1,1,TRUE,"[""retail_customer_month"", ""retail_account_month"", ""retail_behaviour_month"", ""retail_collateral_month""]",retail,sha256:47da9714bd1578435c92e6f098866c355ee938b3980bade44160dee512051faf,2026-09-27T22:00:36.227+00:00,5
B-R02-2,core,art-f1856b5194ac4e79,run-07ad75dd3994498ead0ae4ebdc2b38ed,result,v4-saudi-retail-20m-v5,"[""ecl""]",1,1,TRUE,"[""retail_customer_month"", ""retail_account_month"", ""retail_behaviour_month"", ""retail_collateral_month""]",retail,sha256:47da9714bd1578435c92e6f098866c355ee938b3980bade44160dee512051faf,2026-09-27T22:00:36.524+00:00,4
B-R03-1,core,art-8829db092fc845a5,run-c6d434d36ad34fda952074959fd7fe35,result,v4-saudi-retail-20m-v5,"[""product"", ""ead""]",5,5,TRUE,"[""retail_customer_month"", ""retail_account_month"", ""retail_behaviour_month"", ""retail_collateral_month""]",retail,sha256:d9fde35bf59bbb99f87b6020cbbbb91ce7f60b50a24045a3dcc0b0d5f7cd30dd,2026-09-27T22:00:36.876+00:00,8
B-R03-2,core,art-2a534946797742ae,run-fc1eff4e7242429caac6926c2dea0104,result,v4-saudi-retail-20m-v5,"[""product"", ""ead""]",5,5,TRUE,"[""retail_customer_month"", ""retail_account_month"", ""retail_behaviour_month"", ""retail_collateral_month""]",retail,sha256:d9fde35bf59bbb99f87b6020cbbbb91ce7f60b50a24045a3dcc0b0d5f7cd30dd,2026-09-27T22:00:37.189+00:00,13
B-R04-1,core,art-0fa83b505bf34c70,run-a18685e091eb4ebc8875da46cde864ec,result,v4-saudi-retail-20m-v5,"[""product"", ""ead_s2""]",5,5,TRUE,"[""retail_customer_month"", ""retail_account_month"", ""retail_behaviour_month"", ""retail_collateral_month""]",retail,sha256:7ea7c373d4add0dc2f581d41db14a9d4650892aa36a5850086eda469cb3d6353,2026-09-27T22:00:37.483+00:00,8
B-R04-2,core,art-66cb97b882974062,run-ee75b06d264f4849a16531cbb052e901,result,v4-saudi-retail-20m-v5,"[""product"", ""ead_s2""]",5,5,TRUE,"[""retail_customer_month"", ""retail_account_month"", ""retail_behaviour_month"", ""retail_collateral_month""]",retail,sha256:7ea7c373d4add0dc2f581d41db14a9d4650892aa36a5850086eda469cb3d6353,2026-09-27T22:00:37.818+00:00,8
B-R05-1,core,art-c6ccf260996b4b25,run-9c1af2d0ac7b43b8a8d337a44f9b26a1,result,v4-saudi-retail-20m-v5,"[""coverage""]",1,1,TRUE,"[""retail_customer_month"", ""retail_account_month"", ""retail_behaviour_month"", ""retail_collateral_month""]",retail,sha256:47a394a9d44f5bab787af3dd305b1999926ee76ce5a047e9c8f9e3426ff71e1c,2026-09-27T22:00:38.121+00:00,5
B-R05-2,core,art-aa89216d61594506,run-8d4ae75a1c354043bb949ffd94ba7d8b,result,v4-saudi-retail-20m-v5,"[""coverage""]",1,1,TRUE,"[""retail_customer_month"", ""retail_account_month"", ""retail_behaviour_month"", ""retail_collateral_month""]",retail,sha256:47a394a9d44f5bab787af3dd305b1999926ee76ce5a047e9c8f9e3426ff71e1c,2026-09-27T22:00:38.557+00:00,5
B-R06-1,core,art-633ee0694dab43d7,run-36e685c6a08c4fc8950482b963cd325a,result,v4-saudi-retail-20m-v5,"[""product"", ""s2_share""]",5,5,TRUE,"[""retail_customer_month"", ""retail_account_month"", ""retail_behaviour_month"", ""retail_collateral_month""]",retail,sha256:448dc081f019efbd194f14989f0d5b108b5854a44699cb798d6ea1b1a302210a,2026-09-27T22:00:38.977+00:00,10
B-R06-2,core,art-dafd60bd02874c02,run-d068bea37ef94e169901224356222898,result,v4-saudi-retail-20m-v5,"[""product"", ""s2_share""]",5,5,TRUE,"[""retail_customer_month"", ""retail_account_month"", ""retail_behaviour_month"", ""retail_collateral_month""]",retail,sha256:448dc081f019efbd194f14989f0d5b108b5854a44699cb798d6ea1b1a302210a,2026-09-27T22:00:39.260+00:00,12
B-R07-1,core,art-f9fd2d22b3e04539,run-b8141418650c4f63926e406e3d583fa7,result,v4-saudi-retail-20m-v5,"[""ecl_latest"", ""ecl_base"", ""ecl_abs_change"", ""ecl_pct_change""]",1,1,TRUE,"[""retail_customer_month"", ""retail_account_month"", ""retail_behaviour_month"", ""retail_collateral_month""]",retail,sha256:bd8126df47011fea5c7b30ef8f7029d516db2caa2b685f82b7e77889c7b140c0,2026-09-27T22:00:39.568+00:00,8
B-R07-2,core,art-b40aa5dca1dd4398,run-10b1b2abff774ae99ec74484dbe19f5b,result,v4-saudi-retail-20m-v5,"[""ecl_latest"", ""ecl_base"", ""ecl_abs_change"", ""ecl_pct_change""]",1,1,TRUE,"[""retail_customer_month"", ""retail_account_month"", ""retail_behaviour_month"", ""retail_collateral_month""]",retail,sha256:bd8126df47011fea5c7b30ef8f7029d516db2caa2b685f82b7e77889c7b140c0,2026-09-27T22:00:39.920+00:00,10
B-R08-1,core,art-605319f67c0c48c3,run-1ba738956a034fbaab000587428b6e22,result,v4-saudi-retail-20m-v5,"[""dpd30_ead""]",1,1,TRUE,"[""retail_customer_month"", ""retail_account_month"", ""retail_behaviour_month"", ""retail_collateral_month""]",retail,sha256:480af287b795abea147f2f7fd9c8b25b493401a6e6214b2cecf46b3f27b51cc4,2026-09-27T22:00:40.290+00:00,5
B-R08-2,core,art-abb4db0a759b4c52,run-835b8ab7020e471cba901f7597a7867f,result,v4-saudi-retail-20m-v5,"[""dpd30_ead""]",1,1,TRUE,"[""retail_customer_month"", ""retail_account_month"", ""retail_behaviour_month"", ""retail_collateral_month""]",retail,sha256:480af287b795abea147f2f7fd9c8b25b493401a6e6214b2cecf46b3f27b51cc4,2026-09-27T22:00:40.549+00:00,5
B-R09-1,core,art-74e8ab564e7f453e,run-9a0c7a491957423a84808bc1fe6b6924,result,v4-saudi-retail-20m-v5,"[""delinquency_bucket"", ""ead""]",5,5,TRUE,"[""retail_customer_month"", ""retail_account_month"", ""retail_behaviour_month"", ""retail_collateral_month""]",retail,sha256:7fcf4fe1dfe9bc5b2f9e86b58d768244c2bb0acd3b918fd29dd136ad7433c812,2026-09-27T22:00:40.853+00:00,8
B-R09-2,core,art-5dddfd6db2744817,run-e89ef32c418f4e7badfc7f1ea28995e7,result,v4-saudi-retail-20m-v5,"[""delinquency_bucket"", ""ead""]",5,5,TRUE,"[""retail_customer_month"", ""retail_account_month"", ""retail_behaviour_month"", ""retail_collateral_month""]",retail,sha256:7fcf4fe1dfe9bc5b2f9e86b58d768244c2bb0acd3b918fd29dd136ad7433c812,2026-09-27T22:00:41.183+00:00,8
B-R10-1,core,art-f1fa0558f48149a9,run-424d932ed5c14370a25b8d0dafe283f0,result,v4-saudi-retail-20m-v5,"[""product"", ""s2_share""]",5,5,TRUE,"[""retail_customer_month"", ""retail_account_month"", ""retail_behaviour_month"", ""retail_collateral_month""]",retail,sha256:448dc081f019efbd194f14989f0d5b108b5854a44699cb798d6ea1b1a302210a,2026-09-27T22:00:41.564+00:00,10
B-R10-2,core,art-04056b08256f4e23,run-95eb6773d94b47599b38b304c8c4015c,result,v4-saudi-retail-20m-v5,"[""product"", ""s2_share""]",5,5,TRUE,"[""retail_customer_month"", ""retail_account_month"", ""retail_behaviour_month"", ""retail_collateral_month""]",retail,sha256:448dc081f019efbd194f14989f0d5b108b5854a44699cb798d6ea1b1a302210a,2026-09-27T22:00:42.111+00:00,10
B-R11-1,core,art-6eb7efe65ff14dd6,run-da6393e8945a41df88dd0187cac15e58,result,v4-saudi-retail-20m-v5,"[""product"", ""ead_latest"", ""ead_base"", ""ead_abs_change"", ""ead_pct_change""]",5,5,TRUE,"[""retail_customer_month"", ""retail_account_month"", ""retail_behaviour_month"", ""retail_collateral_month""]",retail,sha256:de4e485f2bf2f0a63725ceb2f1d19d73baf5e874a44e924932044f5e3ed5968d,2026-09-27T22:00:42.570+00:00,15
B-R11-2,core,art-e8ab7b6c4c33401a,run-9f0f1b4c99a1472ea30489ca32587f15,result,v4-saudi-retail-20m-v5,"[""product"", ""ead_latest"", ""ead_base"", ""ead_abs_change"", ""ead_pct_change""]",5,5,TRUE,"[""retail_customer_month"", ""retail_account_month"", ""retail_behaviour_month"", ""retail_collateral_month""]",retail,sha256:de4e485f2bf2f0a63725ceb2f1d19d73baf5e874a44e924932044f5e3ed5968d,2026-09-27T22:00:42.895+00:00,10
B-R12-1,core,art-d94bd57aa7cc49ba,run-9d80ab8764c84c5fbb4691f3dc3d66ad,result,v4-saudi-retail-20m-v5,"[""product"", ""ead"", ""ead_s2"", ""ead_s3"", ""ecl"", ""coverage""]",5,5,TRUE,"[""retail_customer_month"", ""retail_account_month"", ""retail_behaviour_month"", ""retail_collateral_month""]",retail,sha256:74bc1acc1a7a6d06e19a8dc916009de445a6e4228a9cbaa3b8475397a7276899,2026-09-27T22:00:43.311+00:00,11
B-R12-2,core,art-a310b7f4a9e14f7a,run-8cd7c350409e4411a715b45fa0ef8dcc,result,v4-saudi-retail-20m-v5,"[""product"", ""ead"", ""ead_s2"", ""ead_s3"", ""ecl"", ""coverage""]",5,5,TRUE,"[""retail_customer_month"", ""retail_account_month"", ""retail_behaviour_month"", ""retail_collateral_month""]",retail,sha256:74bc1acc1a7a6d06e19a8dc916009de445a6e4228a9cbaa3b8475397a7276899,2026-09-27T22:00:43.822+00:00,9
C-C01,core,art-e1eec9330e0b4192,run-6519b46fa6444889aeb81c10dc510abb,result,v4-saudi-corporate-20q-v4,"[""sector"", ""s2_share""]",14,14,TRUE,"[""corp_borrower_quarter"", ""corp_facility_quarter"", ""corp_collateral_quarter"", ""corp_covenant_quarter""]",corporate,sha256:ac3684d734b7badc38e6b34ab1e0f85e306c3025b712b02cfff73c4d1ff29d93,2026-09-27T22:00:44.506+00:00,8
C-C02,core,art-30dcc241865a4dda,run-618323fbeffb4ac2807f471dcc74f9e8,result,v4-saudi-corporate-20q-v4,"[""sector"", ""ead_latest"", ""ead_base"", ""ead_abs_change"", ""ead_pct_change""]",5,5,TRUE,"[""corp_borrower_quarter"", ""corp_facility_quarter"", ""corp_collateral_quarter"", ""corp_covenant_quarter""]",corporate,sha256:fd2bdb27b009589507f58cbb6eef13816d2d4208fbe38cece832336f9d2597ba,2026-09-27T22:00:45.168+00:00,11
C-C03,core,art-21a53e49ad3344e3,run-a2c7cde9503244b884616f842eb51bd8,result,v4-saudi-corporate-20q-v4,"[""sector"", ""ead_latest"", ""ead_base"", ""ead_abs_change"", ""ead_pct_change"", ""ead_s2_latest"", ""ead_s2_base"", ""ead_s2_abs_change"", ""ead_s2_pct_change""]",2,2,TRUE,"[""corp_borrower_quarter"", ""corp_facility_quarter"", ""corp_collateral_quarter"", ""corp_covenant_quarter""]",corporate,sha256:6fa520e79b0f793d4851f8785fb55c493b241708cd2a7a900f7fcebbda4fd778,2026-09-27T22:00:45.777+00:00,13
C-C04,core,art-8cfdbdf5cc3d4389,run-3b32fafb3dad4bb6b68dc94a0de6eed0,result,v4-saudi-corporate-20q-v4,"[""sector"", ""ead_s3_latest"", ""ead_s3_base"", ""ead_s3_abs_change"", ""ead_s3_pct_change""]",5,5,TRUE,"[""corp_borrower_quarter"", ""corp_facility_quarter"", ""corp_collateral_quarter"", ""corp_covenant_quarter""]",corporate,sha256:a38c9e54ef843a93fec00f2a1a2424135595858a115feb2319d4cc006eee1e63,2026-09-27T22:00:46.189+00:00,10
C-C05,core,art-1262115e34f74678,run-8533757993b1408d812ef344178dc14d,result,v4-saudi-corporate-20q-v4,"[""sector"", ""ead"", ""ead_s2"", ""ead_s3"", ""ecl"", ""coverage""]",14,14,TRUE,"[""corp_borrower_quarter"", ""corp_facility_quarter"", ""corp_collateral_quarter"", ""corp_covenant_quarter""]",corporate,sha256:4f905b285f37c7c3c5d511d6c058ad20844f34b0d90f028dacbbc86ac7da6765,2026-09-27T22:00:46.856+00:00,9
C-C06,core,art-b29716b209d34d64,run-cffce345316a49418ccf1cfea8ccb90e,result,v4-saudi-corporate-20q-v4,"[""sector"", ""ead_s2_latest"", ""ead_s2_base"", ""ead_s2_abs_change"", ""ead_s2_pct_change"", ""contribution_share"", ""total_abs_change""]",14,14,TRUE,"[""corp_borrower_quarter"", ""corp_facility_quarter"", ""corp_collateral_quarter"", ""corp_covenant_quarter""]",corporate,sha256:b9c46a84ba85b33c1555375a9667ef7883ce2b2e357e8e53e354f3cd835defb4,2026-09-27T22:00:47.464+00:00,12
C-C07,core,art-d2e414b3ef964924,run-5e24fb7e4e164eb0948cba83003be027,result,v4-saudi-corporate-20q-v4,"[""ecl_change"", ""stock_effect"", ""rate_effect""]",1,1,TRUE,"[""corp_borrower_quarter"", ""corp_facility_quarter"", ""corp_collateral_quarter"", ""corp_covenant_quarter""]",corporate,sha256:d2dd048cb39ef10b46b188d438f14e885fc812e848ba22307870fce4a364f2cb,2026-09-27T22:00:48.432+00:00,10
C-C08,core,art-1172668db7ff443a,run-e1a747e295354a64bf8872de8d2a0272,result,v4-saudi-corporate-20q-v4,"[""sector"", ""ecl_change"", ""stock_effect"", ""rate_effect""]",3,3,TRUE,"[""corp_borrower_quarter"", ""corp_facility_quarter"", ""corp_collateral_quarter"", ""corp_covenant_quarter""]",corporate,sha256:16cd7b84ddd3cd3cd15838b26909dcd91c735927dc073c0844d3859426cf0a80,2026-09-27T22:00:49.299+00:00,12
C-C09,core,art-7a04a1a38f214f59,run-154a904e88134cc3be36e2746e8a1946,result,v4-saudi-corporate-20q-v4,"[""sector"", ""ead_s3""]",14,14,TRUE,"[""corp_borrower_quarter"", ""corp_facility_quarter"", ""corp_collateral_quarter"", ""corp_covenant_quarter""]",corporate,sha256:12b5346b3b35b0f4455ccac05578963e756cb444537b18aed6f1a7e8f8348e94,2026-09-27T22:00:49.929+00:00,8
C-C09,core,art-6d35f09ca3544d47,run-154a904e88134cc3be36e2746e8a1946,result,v4-saudi-corporate-20q-v4,"[""ead_s3""]",1,1,TRUE,"[""corp_borrower_quarter"", ""corp_facility_quarter"", ""corp_collateral_quarter"", ""corp_covenant_quarter""]",corporate,sha256:71a38d3d244969b477672003382ffb4087d926a726e74d48813fa94537d3a91b,2026-09-27T22:00:49.939+00:00,5
C-C10,core,art-8595f66815ea4a8d,run-7bc2f549d19b4fcb9f762c4ee97b6ebd,result,v4-saudi-corporate-20q-v4,"[""top3_share"", ""top5_share""]",1,1,TRUE,"[""corp_borrower_quarter"", ""corp_facility_quarter"", ""corp_collateral_quarter"", ""corp_covenant_quarter""]",corporate,sha256:9e05cc241280e808cbf62616738c8f84d890fb8b25d7798f81715c64fa122ef0,2026-09-27T22:00:50.423+00:00,9
C-C11,core,art-575437ca673245cc,run-91163073892346c4ba40338e0fecf9b9,result,v4-saudi-corporate-20q-v4,"[""facilities"", ""ead_now""]",1,1,TRUE,"[""corp_borrower_quarter"", ""corp_facility_quarter"", ""corp_collateral_quarter"", ""corp_covenant_quarter""]",corporate,sha256:2363eee8764a8dbc5e55550fadf54c00c707a803dc53d8f926862b4d41609137,2026-09-27T22:00:50.964+00:00,10
C-C12,core,art-985b36ba71d44115,run-a725806a7a824474a7cb252d76621d37,result,v4-saudi-corporate-20q-v4,"[""sector"", ""s2_share"", ""coverage""]",2,2,TRUE,"[""corp_borrower_quarter"", ""corp_facility_quarter"", ""corp_collateral_quarter"", ""corp_covenant_quarter""]",corporate,sha256:d18db4d6ed909c3344f2d1c60dee654ecb8db0155e75e9b506b93a3199f76934,2026-09-27T22:00:51.561+00:00,9
C-C13,core,art-e8aad677a95e4c7b,run-d1bf04a428cb468e9a9bca01393d8782,result,v4-saudi-corporate-20q-v4,"[""sector"", ""ead_s3_latest"", ""ead_s3_base"", ""ead_s3_abs_change"", ""ead_s3_pct_change""]",14,14,TRUE,"[""corp_borrower_quarter"", ""corp_facility_quarter"", ""corp_collateral_quarter"", ""corp_covenant_quarter""]",corporate,sha256:c24c010998eb3ebd420a4126eb308973380189a5c638eff16023cbfc64dff5eb,2026-09-27T22:00:52.117+00:00,10
C-C14,core,art-b65483df90ba494b,run-981474843d3d435f8208c67ffb2499dd,result,v4-saudi-corporate-20q-v4,"[""sector"", ""ead_s3_latest"", ""ead_s3_base"", ""ead_s3_abs_change"", ""ead_s3_pct_change"", ""contribution_share"", ""total_abs_change""]",14,14,TRUE,"[""corp_borrower_quarter"", ""corp_facility_quarter"", ""corp_collateral_quarter"", ""corp_covenant_quarter""]",corporate,sha256:a65e97b446fff68744cf3fba5af00ca25525f709cb4a0993259389dcff152a58,2026-09-27T22:00:52.759+00:00,12
C-C15,core,art-eab4fe4b63494eff,run-e8c602057ae24ebaa542fb345d93899a,result,v4-saudi-corporate-20q-v4,"[""region"", ""s2_share"", ""s3_share"", ""coverage""]",10,10,TRUE,"[""corp_borrower_quarter"", ""corp_facility_quarter"", ""corp_collateral_quarter"", ""corp_covenant_quarter""]",corporate,sha256:c4221c96ac6897c2b50fa66cf7be61158a2ecf449959af593548efe30835b9f3,2026-09-27T22:00:53.423+00:00,9
C-C16,core,art-8be07f5ef9bb4f12,run-e63873ec492d478facb85f935bf0cedd,result,v4-saudi-corporate-20q-v4,"[""borrower_name"", ""sector"", ""ead_s3"", ""ecl_s3""]",10,10,TRUE,"[""corp_borrower_quarter"", ""corp_facility_quarter"", ""corp_collateral_quarter"", ""corp_covenant_quarter""]",corporate,sha256:fbe91152ec2add666fe1343d002ad9ded83ee30917948156c900d635ac01b86a,2026-09-27T22:00:53.913+00:00,9
C-C17,core,art-c86167bcf0c34fb1,run-062cfc0c8edb480ca29abc6ed1a71dba,result,v4-saudi-corporate-20q-v4,"[""covenant_type"", ""breached_tests""]",5,5,TRUE,"[""corp_borrower_quarter"", ""corp_facility_quarter"", ""corp_collateral_quarter"", ""corp_covenant_quarter""]",corporate,sha256:c7f8098da8d84adeb5007f68ede1cb16d2a82bc88031c76fea6858fb6a56207e,2026-09-27T22:00:54.492+00:00,7
C-C17,core,art-8d931564d96c462e,run-062cfc0c8edb480ca29abc6ed1a71dba,result,v4-saudi-corporate-20q-v4,"[""facilities"", ""ead""]",1,1,TRUE,"[""corp_borrower_quarter"", ""corp_facility_quarter"", ""corp_collateral_quarter"", ""corp_covenant_quarter""]",corporate,sha256:819c02fda4c2c1c8788681ea9042c2aec08d498259adc24748e1ee9f14a89322,2026-09-27T22:00:54.502+00:00,8
C-C18,core,art-71494f2f2c344d8a,run-df18e0bdc0564d74820543e409e949d5,result,v4-saudi-corporate-20q-v4,"[""sector"", ""borrowers"", ""ead""]",14,14,TRUE,"[""corp_borrower_quarter"", ""corp_facility_quarter"", ""corp_collateral_quarter"", ""corp_covenant_quarter""]",corporate,sha256:aa325be85f4bce85289dff38869b5e26ffdbedcb00efbd25993bbc2f4dbb9947,2026-09-27T22:00:54.890+00:00,13
C-C19,core,art-3fdaec0221244270,run-0385a72a4d964a68bb22ce955f89b9bb,result,v4-saudi-corporate-20q-v4,"[""sector"", ""borrowers"", ""ead""]",14,14,TRUE,"[""corp_borrower_quarter"", ""corp_facility_quarter"", ""corp_collateral_quarter"", ""corp_covenant_quarter""]",corporate,sha256:39e9391340f0201b15acdb4eebb6a12f901ede3d3d922a71d0a05733f41c0fbf,2026-09-27T22:00:55.486+00:00,14
C-C20,core,art-7b7d8d80cc61434b,run-d0c6c7d9219b4ddf95d98c3be6887c4a,result,v4-saudi-corporate-20q-v4,"[""sector"", ""facilities"", ""ead_now""]",14,14,TRUE,"[""corp_borrower_quarter"", ""corp_facility_quarter"", ""corp_collateral_quarter"", ""corp_covenant_quarter""]",corporate,sha256:788deb095f11012a4ec1c221a109c196b203980116a656759f63319b73adcedb,2026-09-27T22:00:56.051+00:00,13
C-R01,core,art-70d98b1e39f946e3,run-75ad5a57c99c4186bd2a065fcedc3593,result,v4-saudi-retail-20m-v5,"[""product"", ""s2_share""]",5,5,TRUE,"[""retail_customer_month"", ""retail_account_month"", ""retail_behaviour_month"", ""retail_collateral_month""]",retail,sha256:448dc081f019efbd194f14989f0d5b108b5854a44699cb798d6ea1b1a302210a,2026-09-27T22:00:56.450+00:00,9
C-R02,core,art-3ec9a1277b34431b,run-361df39ec2754be5b2e6221fdebf1cff,result,v4-saudi-retail-20m-v5,"[""product"", ""ead_latest"", ""ead_base"", ""ead_abs_change"", ""ead_pct_change""]",5,5,TRUE,"[""retail_customer_month"", ""retail_account_month"", ""retail_behaviour_month"", ""retail_collateral_month""]",retail,sha256:de4e485f2bf2f0a63725ceb2f1d19d73baf5e874a44e924932044f5e3ed5968d,2026-09-27T22:00:56.845+00:00,14
C-R03,core,art-a6ef4c3ded834a57,run-64d185bb4ec242cdaf3cf03103301a20,result,v4-saudi-retail-20m-v5,"[""product"", ""dpd30_share_latest"", ""dpd30_share_base"", ""dpd30_share_abs_change"", ""dpd30_share_pct_change"", ""ead_s2_latest"", ""ead_s2_base"", ""ead_s2_abs_change"", ""ead_s2_pct_change""]",2,2,TRUE,"[""retail_customer_month"", ""retail_account_month"", ""retail_behaviour_month"", ""retail_collateral_month""]",retail,sha256:e5a94196dd048e4a167310ace8e1d308d9e9b80fa1a533d344e9511561252bc5,2026-09-27T22:00:57.418+00:00,16
C-R04,core,art-3625b74145864075,run-a50e4ba916074ae3bd30a4345e241aad,result,v4-saudi-retail-20m-v5,"[""product"", ""ecl_latest"", ""ecl_base"", ""ecl_abs_change"", ""ecl_pct_change""]",3,3,TRUE,"[""retail_customer_month"", ""retail_account_month"", ""retail_behaviour_month"", ""retail_collateral_month""]",retail,sha256:5b8ae11c8f9c0c4c0b24ff9564a698f400bc19b933bc68f843ba789c73a5352a,2026-09-27T22:00:57.812+00:00,10
C-R05,core,art-60c7a6637513478c,run-63d63f8f1b404e619d71023b18dbb160,result,v4-saudi-retail-20m-v5,"[""product"", ""ead"", ""ead_s2"", ""ead_s3"", ""ecl"", ""coverage""]",5,5,TRUE,"[""retail_customer_month"", ""retail_account_month"", ""retail_behaviour_month"", ""retail_collateral_month""]",retail,sha256:74bc1acc1a7a6d06e19a8dc916009de445a6e4228a9cbaa3b8475397a7276899,2026-09-27T22:00:58.230+00:00,10
C-R06,core,art-37019645dab74a21,run-7d49bcca2d9e4d8b86c32a958e01145c,result,v4-saudi-retail-20m-v5,"[""product"", ""ecl_latest"", ""ecl_base"", ""ecl_abs_change"", ""ecl_pct_change"", ""contribution_share"", ""total_abs_change""]",5,5,TRUE,"[""retail_customer_month"", ""retail_account_month"", ""retail_behaviour_month"", ""retail_collateral_month""]",retail,sha256:062ec1863fc8e55eb236f9aa88b237da201eb322801d970372b552c5f0390ddf,2026-09-27T22:00:58.913+00:00,14
C-R07,core,art-fb59d7f7b5e0424c,run-26e4f1aef3124ffcbac973b328e3720b,result,v4-saudi-retail-20m-v5,"[""ecl_change"", ""stock_effect"", ""rate_effect""]",1,1,TRUE,"[""retail_customer_month"", ""retail_account_month"", ""retail_behaviour_month"", ""retail_collateral_month""]",retail,sha256:067ac8bd9e89baf277202d002f6c0e6d8a45ada16e55638be1d9aed0ecd9c5b3,2026-09-27T22:00:59.528+00:00,9
C-R08,core,art-5d5470e74ad04e1c,run-7294ead78588425aad932d9c146d0a72,result,v4-saudi-retail-20m-v5,"[""region"", ""ecl""]",8,8,TRUE,"[""retail_customer_month"", ""retail_account_month"", ""retail_behaviour_month"", ""retail_collateral_month""]",retail,sha256:56ddd224be8546f603787da13b2b3ebe9796c4ef09da36d0fbb2dd3a31e91814,2026-09-27T22:00:59.875+00:00,8
C-R08,core,art-52b0651ae01442a5,run-7294ead78588425aad932d9c146d0a72,result,v4-saudi-retail-20m-v5,"[""ecl""]",1,1,TRUE,"[""retail_customer_month"", ""retail_account_month"", ""retail_behaviour_month"", ""retail_collateral_month""]",retail,sha256:47da9714bd1578435c92e6f098866c355ee938b3980bade44160dee512051faf,2026-09-27T22:00:59.882+00:00,5
C-R09,core,art-60ea2b1fed1c41fd,run-e6179f435ba2423ebfddf46332684ba3,result,v4-saudi-retail-20m-v5,"[""top1_share"", ""top2_share""]",1,1,TRUE,"[""retail_customer_month"", ""retail_account_month"", ""retail_behaviour_month"", ""retail_collateral_month""]",retail,sha256:624df7f027461823e8a9424ef0d76726cce704cacc1f9c0d9f5e5e5d328d27b6,2026-09-27T22:01:00.180+00:00,8
C-R10,core,art-5107db57b9ae4bbd,run-77f0c62a621a4aef969cd6bdca774b7a,result,v4-saudi-retail-20m-v5,"[""product"", ""dpd30_share_latest"", ""dpd30_share_base"", ""dpd30_share_abs_change"", ""dpd30_share_pct_change""]",5,5,TRUE,"[""retail_customer_month"", ""retail_account_month"", ""retail_behaviour_month"", ""retail_collateral_month""]",retail,sha256:7889e5a75e47c222379846a0930dd3abd549358fc3363f436dff0663cfaa2572,2026-09-27T22:01:00.572+00:00,13
C-R11,core,art-311018e8ef464802,run-9c8e913f4bdd414ca62bf66fe51015df,result,v4-saudi-retail-20m-v5,"[""product"", ""delinquency_bucket"", ""ead""]",10,10,TRUE,"[""retail_customer_month"", ""retail_account_month"", ""retail_behaviour_month"", ""retail_collateral_month""]",retail,sha256:26b146335a47a6fbcc51eca0490c1fafaa4011d990c7eacd68d5aa96d3fc619f,2026-09-27T22:01:01.039+00:00,10
C-R12,core,art-95573cc40fd34a36,run-2062afc00ad049e3a5ac195cadddda77,result,v4-saudi-retail-20m-v5,"[""reporting_month"", ""dpd30_ead""]",6,6,TRUE,"[""retail_customer_month"", ""retail_account_month"", ""retail_behaviour_month"", ""retail_collateral_month""]",retail,sha256:dc18d80f70fb743c1da2f2fa3cacf62f4943ce2fbfba6465029a4ce751f0bf2a,2026-09-27T22:01:01.377+00:00,16
C-R13,core,art-8f8f5080a7d64042,run-f22c967dab6141768bb4b39d21664343,result,v4-saudi-retail-20m-v5,"[""product"", ""ead_s3_latest"", ""ead_s3_base"", ""ead_s3_abs_change"", ""ead_s3_pct_change""]",5,5,TRUE,"[""retail_customer_month"", ""retail_account_month"", ""retail_behaviour_month"", ""retail_collateral_month""]",retail,sha256:b248f40387ce29421a554f8bf2f08e33de43de32a8350126e8a0278794650da0,2026-09-27T22:01:01.716+00:00,12
C-R14,core,art-0addc5025f7f4c12,run-162b36dee2074af8ac4d6b2058eabcc5,result,v4-saudi-retail-20m-v5,"[""customer_segment"", ""coverage"", ""s2_share""]",4,4,TRUE,"[""retail_customer_month"", ""retail_account_month"", ""retail_behaviour_month"", ""retail_collateral_month""]",retail,sha256:603e200235773d4f3342b4a15bcac89ed37c78e619c875f8277505142f020213,2026-09-27T22:01:02.053+00:00,9
C-R15,core,art-499c1316e09b456d,run-aaa312ec07844397a68eae8e51a456ec,result,v4-saudi-retail-20m-v5,"[""employment_type"", ""dpd30_share""]",4,4,TRUE,"[""retail_customer_month"", ""retail_account_month"", ""retail_behaviour_month"", ""retail_collateral_month""]",retail,sha256:0ad9101bc081c83bfb024d0401ba7bf0c4b475d7cf084ffe2bedbec3dac2e62b,2026-09-27T22:01:02.543+00:00,8
C-R16,core,art-cbea24bd28674276,run-0c3049f6385b48148647850cf8d2e351,result,v4-saudi-retail-20m-v5,"[""origination_channel"", ""s3_share""]",3,3,TRUE,"[""retail_customer_month"", ""retail_account_month"", ""retail_behaviour_month"", ""retail_collateral_month""]",retail,sha256:e30a3012e19ed53709c05c65b4d7623ac89b451b11422dab4acc10b60ed1bc21,2026-09-27T22:01:02.798+00:00,8
C-R17,core,art-7425bb69528049ce,run-17af7cc122854069a0639ce827cd710e,result,v4-saudi-retail-20m-v5,"[""vintage_year"", ""s2_share""]",6,6,TRUE,"[""retail_customer_month"", ""retail_account_month"", ""retail_behaviour_month"", ""retail_collateral_month""]",retail,sha256:a92d5f334eb54d4feb289dac8d4d62a04de886f21406ed8cef98ef277890481a,2026-09-27T22:01:03.104+00:00,7
C-R18,core,art-c033b832539a4c4f,run-dfb404872b0d4f39b51488761d5e871d,result,v4-saudi-retail-20m-v5,"[""customer_segment"", ""customers"", ""ead""]",4,4,TRUE,"[""retail_customer_month"", ""retail_account_month"", ""retail_behaviour_month"", ""retail_collateral_month""]",retail,sha256:e34312dfc0e69cc21dec1b02df9a4eb2c1c5713e14a673e8766d905516b680aa,2026-09-27T22:01:03.520+00:00,6
C-R19,core,art-bf74df66a1804f42,run-25119bacf3e94b4ea0a64e16d294f498,result,v4-saudi-retail-20m-v5,"[""customer_segment"", ""customers"", ""ead""]",4,4,TRUE,"[""retail_customer_month"", ""retail_account_month"", ""retail_behaviour_month"", ""retail_collateral_month""]",retail,sha256:b1174d1ded67ce405e29cc018bc389b6ec4a9298cbcc7a315d6f95123e2ddb11,2026-09-27T22:01:04.022+00:00,8
C-R20,core,art-0c1ea2c55e724b4a,run-6a0c01ff84c448c5a4eb1372268319ff,result,v4-saudi-retail-20m-v5,"[""ltv"", ""balance"", ""collateral""]",1,1,TRUE,"[""retail_customer_month"", ""retail_account_month"", ""retail_behaviour_month"", ""retail_collateral_month""]",retail,sha256:a8370646fdf19320a2069bb4b95574eff19e4623bdc516092730ad6572c6a587,2026-09-27T22:01:04.531+00:00,12
D-TD01-1,core,art-0d0151cd7b794665,run-d32952457add4d3cb23eb3c1b803b261,result,v4-saudi-corporate-20q-v4,"[""sector"", ""ead_s2""]",14,14,TRUE,"[""corp_borrower_quarter"", ""corp_facility_quarter"", ""corp_collateral_quarter"", ""corp_covenant_quarter""]",corporate,sha256:6b953f3e7d409ccb0195e06eaad1849deb51d746ea29053296e0322264f4afc1,2026-09-27T22:01:04.965+00:00,9
D-TD01-2,core,art-062bb16d53024c75,run-8b3c4e208f5245d7a0a279b979754fd2,result,v4-saudi-corporate-20q-v4,"[""sector"", ""ead_s2""]",3,3,TRUE,"[""corp_borrower_quarter"", ""corp_facility_quarter"", ""corp_collateral_quarter"", ""corp_covenant_quarter""]",corporate,sha256:f82497201dfbe1819dafe007734a880129b4ab3146cdabdbe8244ba0310208c9,2026-09-27T22:01:05.242+00:00,7
D-TD01-3,core,art-df5baa3343ab43de,run-2f36ac6a2eeb40a0a2e1d8a301728a6a,result,v4-saudi-corporate-20q-v4,"[""sector"", ""ead_s2_latest"", ""ead_s2_base"", ""ead_s2_abs_change"", ""ead_s2_pct_change""]",3,3,TRUE,"[""corp_borrower_quarter"", ""corp_facility_quarter"", ""corp_collateral_quarter"", ""corp_covenant_quarter""]",corporate,sha256:0ee9b78657fb16de2e41ab79113742136dbf335446d9ec1676c2c07ec321942c,2026-09-27T22:01:05.619+00:00,13
D-TD01-4,core,art-0a7327030003446b,run-83d7c3a6a47f4919b0c00cc554c1330e,result,v4-saudi-corporate-20q-v4,"[""sector"", ""ead_s2_latest"", ""ead_s2_base"", ""ead_s2_abs_change"", ""ead_s2_pct_change""]",1,1,TRUE,"[""corp_borrower_quarter"", ""corp_facility_quarter"", ""corp_collateral_quarter"", ""corp_covenant_quarter""]",corporate,sha256:49ecda586cc7937f06662bc4ce95a51c1d516dc4c979b6e857afec8077bc853e,2026-09-27T22:01:05.935+00:00,12
D-TD02-3,core,art-61e9ff6f52824745,run-769b8b6e3e454f5c8e77934911e63e83,result,v4-saudi-retail-20m-v5,"[""reporting_month"", ""product"", ""s2_share"", ""dpd30_share"", ""coverage""]",12,12,TRUE,"[""retail_customer_month"", ""retail_account_month"", ""retail_behaviour_month"", ""retail_collateral_month""]",retail,sha256:b8858cdba9efc4e4f2c6696371d4c1768c11647d818707a1b01092ce47ec9c2e,2026-09-27T22:01:07.303+00:00,22
D-TD02-4,core,art-b86a1287d6f44792,run-f8eb149b909f49dcb70b9dce33263a9f,result,v4-saudi-retail-20m-v5,"[""reporting_month"", ""product"", ""s2_share"", ""dpd30_share"", ""coverage"", ""ead_s2"", ""dpd30_ead""]",12,12,TRUE,"[""retail_customer_month"", ""retail_account_month"", ""retail_behaviour_month"", ""retail_collateral_month""]",retail,sha256:35e6b2cf0454beb652de58a296e935d2574ef4e02c040297808727122a301922,2026-09-27T22:01:07.589+00:00,24
D-TD03-1,core,art-7d84c8f642314971,run-817fe05848cb40c6bac0df34ca6fc921,result,v4-saudi-corporate-20q-v4,"[""sector"", ""ecl""]",14,14,TRUE,"[""corp_borrower_quarter"", ""corp_facility_quarter"", ""corp_collateral_quarter"", ""corp_covenant_quarter""]",corporate,sha256:52c9c7fd78dae6645733ac8fcbd82e65f6d88f766b892e1899b7ec00fbf0b9f4,2026-09-27T22:01:08.391+00:00,7
D-TD03-2,core,art-68b265261a42436a,run-f71cadb973c147479808c7ae30579e91,result,v4-saudi-corporate-20q-v4,"[""sector"", ""ecl""]",1,1,TRUE,"[""corp_borrower_quarter"", ""corp_facility_quarter"", ""corp_collateral_quarter"", ""corp_covenant_quarter""]",corporate,sha256:8e9bbe7bb172f7f4554328419c8593489dfd77f33f24aa14565afdc1d6e543e1,2026-09-27T22:01:08.697+00:00,7
D-TD03-3,core,art-f682716cc6e84b9f,run-34af8f6b6fb14b93bcee5fed7532f533,result,v4-saudi-corporate-20q-v4,"[""ead_s3""]",1,1,TRUE,"[""corp_borrower_quarter"", ""corp_facility_quarter"", ""corp_collateral_quarter"", ""corp_covenant_quarter""]",corporate,sha256:66a97dcf7717f353a7a3fc211d05d2880dfa32486910298a71b38a390001d5c3,2026-09-27T22:01:08.982+00:00,5
D-TD03-4,core,art-6da3c2bb0fe44efb,run-5254a07a104b4c7e8e8fa8ee5e03b4c8,result,v4-saudi-corporate-20q-v4,"[""ead_s3_latest"", ""ead_s3_base"", ""ead_s3_abs_change"", ""ead_s3_pct_change""]",1,1,TRUE,"[""corp_borrower_quarter"", ""corp_facility_quarter"", ""corp_collateral_quarter"", ""corp_covenant_quarter""]",corporate,sha256:a4c6b3b855d0ceafe84485c153bb87b75a20e6b05e9b195572f8695e5db09796,2026-09-27T22:01:09.326+00:00,7
D-TD03-5,core,art-68980991542d4b68,run-268e0c5370a84216aef185d4dcb11594,result,v4-saudi-corporate-20q-v4,"[""ecl""]",1,1,TRUE,"[""corp_borrower_quarter"", ""corp_facility_quarter"", ""corp_collateral_quarter"", ""corp_covenant_quarter""]",corporate,sha256:1b4eaedcb76fc8a0f3fdaa1dc8fff9059e762ad7d88acb7828eb24bb6586bd9b,2026-09-27T22:01:09.721+00:00,5
D-TD04-1,core,art-59a8256e183f4082,run-e2d79e0e3a5d48d68d50054f2fd66fe7,result,v4-saudi-retail-20m-v5,"[""product"", ""ead""]",5,5,TRUE,"[""retail_customer_month"", ""retail_account_month"", ""retail_behaviour_month"", ""retail_collateral_month""]",retail,sha256:d9fde35bf59bbb99f87b6020cbbbb91ce7f60b50a24045a3dcc0b0d5f7cd30dd,2026-09-27T22:01:10.107+00:00,9
D-TD04-2,core,art-6dbef35760b7430d,run-cd1f72e189bb48ddb981da45e70352f0,result,v4-saudi-retail-20m-v5,"[""product"", ""ead""]",2,2,TRUE,"[""retail_customer_month"", ""retail_account_month"", ""retail_behaviour_month"", ""retail_collateral_month""]",retail,sha256:f346e1a8176b925f6b3b2c08a74d95ca50ae059e5a6c141f56c2b067eebdf095,2026-09-27T22:01:10.422+00:00,7
D-TD04-3,core,art-d1d63af04d104614,run-e5b07cc39d644984b282acf111b8e43b,result,v4-saudi-retail-20m-v5,"[""product"", ""ead""]",2,2,TRUE,"[""retail_customer_month"", ""retail_account_month"", ""retail_behaviour_month"", ""retail_collateral_month""]",retail,sha256:e90e2f5458867e954a0841c12397b209e59376418270990263607e949b802d6e,2026-09-27T22:01:10.737+00:00,7
D-TD04-4,core,art-cc9ae0eccaab4c7b,run-971a644f34b84a2ebbda8db9c1404ba8,result,v4-saudi-retail-20m-v5,"[""product"", ""ead_latest"", ""ead_base"", ""ead_abs_change"", ""ead_pct_change""]",2,2,TRUE,"[""retail_customer_month"", ""retail_account_month"", ""retail_behaviour_month"", ""retail_collateral_month""]",retail,sha256:f90e524b4c95d26d7199e35d9e955cebf20375a3832bef697b9dc2367ec1886c,2026-09-27T22:01:11.069+00:00,11
D-TD04-5,core,art-a6d08df25f65461f,run-c75430d609cb48a8b193d06b359d1d0f,result,v4-saudi-retail-20m-v5,"[""ead_latest"", ""ead_base"", ""ead_abs_change"", ""ead_pct_change""]",1,1,TRUE,"[""retail_customer_month"", ""retail_account_month"", ""retail_behaviour_month"", ""retail_collateral_month""]",retail,sha256:fc7eb5d026813432c817a06447b5f499c4756f9bb3d1d73a03ef334a574c9789,2026-09-27T22:01:11.422+00:00,8
D-TD05-1,core,art-a28b8989be0b424c,run-0d242651f5c84449961b64064ec9fb3e,result,v4-saudi-corporate-20q-v4,"[""region"", ""ead_s3""]",10,10,TRUE,"[""corp_borrower_quarter"", ""corp_facility_quarter"", ""corp_collateral_quarter"", ""corp_covenant_quarter""]",corporate,sha256:8f44694c86e017b80bc805c7267e3e02a87a3187e32847aedf4f857c967f3b1d,2026-09-27T22:01:11.761+00:00,8
D-TD05-3,core,art-9e9dd9b5946d41d6,run-b0b7330f831c4fac965931cfcdf1d040,result,v4-saudi-retail-20m-v5,"[""region"", ""ead_s3""]",1,1,TRUE,"[""retail_customer_month"", ""retail_account_month"", ""retail_behaviour_month"", ""retail_collateral_month""]",retail,sha256:a960fa6b0b5e86b3b2b0aaaebbbb9f4a968c9b0b55a97b28ce6f02e54bcf6df1,2026-09-27T22:01:12.381+00:00,9
D-TD05-4,core,art-0c9d5a54442545c1,run-5c460effd1004dcea2496e95eb59784c,result,v4-saudi-corporate-20q-v4,"[""region"", ""ead_s3""]",1,1,TRUE,"[""corp_borrower_quarter"", ""corp_facility_quarter"", ""corp_collateral_quarter"", ""corp_covenant_quarter""]",corporate,sha256:040dbac3c35e4e584f15147301bd0574dd563bd13db6d93c3e95eab5255737d4,2026-09-27T22:01:12.702+00:00,7
D-TD05-5,core,art-c7ea8e5056d6450e,run-391e3d7402a342599be05fc04a6a809a,result,v4-saudi-corporate-20q-v4,"[""ead_s3_latest"", ""ead_s3_base"", ""ead_s3_abs_change"", ""ead_s3_pct_change""]",1,1,TRUE,"[""corp_borrower_quarter"", ""corp_facility_quarter"", ""corp_collateral_quarter"", ""corp_covenant_quarter""]",corporate,sha256:dc82b438129fe51571418b0cde6da6d7ebb05650867e8f84857a188897eb1650,2026-09-27T22:01:13.084+00:00,8
D-TD06-1,core,art-8bf7928e65a445c3,run-6679526ec2de4ebe8e12e6d76052a25a,result,v4-saudi-corporate-20q-v4,"[""ead""]",1,1,TRUE,"[""corp_borrower_quarter"", ""corp_facility_quarter"", ""corp_collateral_quarter"", ""corp_covenant_quarter""]",corporate,sha256:4a5889b0866e3d6a6daaa037f6075980894211685651d82c33fa2562d5845c8c,2026-09-27T22:01:13.481+00:00,5
D-TD06-3,core,art-475db0b3dd7f4421,run-f7796df4b9044e3d9ecaa7d7730b9aed,result,v4-saudi-corporate-20q-v4,"[""product_type"", ""ead""]",8,8,TRUE,"[""corp_borrower_quarter"", ""corp_facility_quarter"", ""corp_collateral_quarter"", ""corp_covenant_quarter""]",corporate,sha256:f25f00b988c930223f4be61cdc542c957e3bc48afb9b1f641882aa0f12de3c88,2026-09-27T22:01:14.204+00:00,6
D-TD06-4,core,art-ad4c3b9873b242f4,run-27858b40e76c467799e9d434b2ab7d98,result,v4-saudi-corporate-20q-v4,"[""product_type"", ""s2_share""]",1,1,TRUE,"[""corp_borrower_quarter"", ""corp_facility_quarter"", ""corp_collateral_quarter"", ""corp_covenant_quarter""]",corporate,sha256:999a38852ee8fb3aab8ca58448755d3ce839a79deb1b018713c7419b69938a8e,2026-09-27T22:01:14.779+00:00,7
D-TD07-1,core,art-1277081a4f974f04,run-c0ac19ac7e9040b6876261d78667e5d4,result,v4-saudi-corporate-20q-v4,"[""sector"", ""ead""]",14,14,TRUE,"[""corp_borrower_quarter"", ""corp_facility_quarter"", ""corp_collateral_quarter"", ""corp_covenant_quarter""]",corporate,sha256:1d2f5a672eb3936e768369f995f498c090b1dbd4181ef46b21a07de63e5f237f,2026-09-27T22:01:15.515+00:00,7
D-TD07-2,core,art-053a34df67554356,run-4bb16e3784e44b56879b90c6fe49e090,result,v4-saudi-corporate-20q-v4,"[""sector"", ""ead""]",14,14,TRUE,"[""corp_borrower_quarter"", ""corp_facility_quarter"", ""corp_collateral_quarter"", ""corp_covenant_quarter""]",corporate,sha256:3100d1c6ce9e8ad133f2f616cb6d20511cdccd2193bcbc4634fa385197ba189c,2026-09-27T22:01:15.898+00:00,6
D-TD07-3,core,art-044be703f7ba4a72,run-2e8481c3a70d4f9ba02485c0e85c6c1d,result,v4-saudi-corporate-20q-v4,"[""sector"", ""ead_s2""]",14,14,TRUE,"[""corp_borrower_quarter"", ""corp_facility_quarter"", ""corp_collateral_quarter"", ""corp_covenant_quarter""]",corporate,sha256:6b953f3e7d409ccb0195e06eaad1849deb51d746ea29053296e0322264f4afc1,2026-09-27T22:01:16.280+00:00,7
D-TD07-4,core,art-8fe4228c5e8e4a20,run-89a08091ac304268ac11b35d5527500b,result,v4-saudi-corporate-20q-v4,"[""sector"", ""ead_s2"", ""ecl_s2""]",14,14,TRUE,"[""corp_borrower_quarter"", ""corp_facility_quarter"", ""corp_collateral_quarter"", ""corp_covenant_quarter""]",corporate,sha256:f6e5ea07aa50d206d792d9ecd22dcf8e1eaf11429ff98d8b69ffc6cef30e88a5,2026-09-27T22:01:16.647+00:00,8
D-TD07-5,core,art-8482361dd3f849fe,run-215b82ab74d54e6b806235888ac975d7,result,v4-saudi-corporate-20q-v4,"[""sector"", ""ead_s2"", ""ecl_s2"", ""coverage_s2""]",14,14,TRUE,"[""corp_borrower_quarter"", ""corp_facility_quarter"", ""corp_collateral_quarter"", ""corp_covenant_quarter""]",corporate,sha256:d4820c763e46bee17bce0114867f2a9eac88f11a8f2040c20118c4f463bfc783,2026-09-27T22:01:16.976+00:00,8
D-TD08-1,core,art-658a6ff0923e4535,run-b7657b76e0cb4d099a4468bfff5f77c2,result,v4-saudi-retail-20m-v5,"[""region"", ""ecl""]",8,8,TRUE,"[""retail_customer_month"", ""retail_account_month"", ""retail_behaviour_month"", ""retail_collateral_month""]",retail,sha256:56ddd224be8546f603787da13b2b3ebe9796c4ef09da36d0fbb2dd3a31e91814,2026-09-27T22:01:17.366+00:00,12
D-TD08-2,core,art-b300e632d10242ef,run-731f456c07264543a219476a296d60db,result,v4-saudi-retail-20m-v5,"[""product"", ""ecl""]",5,5,TRUE,"[""retail_customer_month"", ""retail_account_month"", ""retail_behaviour_month"", ""retail_collateral_month""]",retail,sha256:74af85e043361afe8d97017ec9bda17a52727daa5bf819c487785144ca1a0751,2026-09-27T22:01:17.688+00:00,8
D-TD08-3,core,art-1fde51b2bf73445e,run-09c744dae81e4575ab4b72fbb9a4804d,result,v4-saudi-retail-20m-v5,"[""product"", ""coverage""]",1,1,TRUE,"[""retail_customer_month"", ""retail_account_month"", ""retail_behaviour_month"", ""retail_collateral_month""]",retail,sha256:4aa832d7bf5f1e52d1d0c1fed2ced7adfc48230000139e89309afe2141024b52,2026-09-27T22:01:18.058+00:00,9
D-TD08-4,core,art-1acee946b3944b1c,run-050ccff4e41349a484601d5553a27387,result,v4-saudi-retail-20m-v5,"[""region"", ""ecl""]",2,2,TRUE,"[""retail_customer_month"", ""retail_account_month"", ""retail_behaviour_month"", ""retail_collateral_month""]",retail,sha256:ccbf3b5510963e89c17889cf24f0bf056dd69ff91ab1542c91b19a3f090d1cf3,2026-09-27T22:01:18.400+00:00,10
D-TD08-5,core,art-534b5f419f664845,run-55398f43bcdc4d9bb00f5b50f47ffcf6,result,v4-saudi-retail-20m-v5,"[""product"", ""ecl""]",5,5,TRUE,"[""retail_customer_month"", ""retail_account_month"", ""retail_behaviour_month"", ""retail_collateral_month""]",retail,sha256:2698b43a11f22175b1a0ca5cd2c124de9c8ce5e3c87557913a6c7a03799bb2c4,2026-09-27T22:01:18.648+00:00,10
D-TD09-1,core,art-2e293a4a4a804ecd,run-edd5f50d8a144b4abf6584b201c85b6a,result,v4-saudi-corporate-20q-v4,"[""sector"", ""ecl""]",14,14,TRUE,"[""corp_borrower_quarter"", ""corp_facility_quarter"", ""corp_collateral_quarter"", ""corp_covenant_quarter""]",corporate,sha256:52c9c7fd78dae6645733ac8fcbd82e65f6d88f766b892e1899b7ec00fbf0b9f4,2026-09-27T22:01:19.013+00:00,8
D-TD09-3,core,art-afb64ceb223841e9,run-bf69645f7e804a66ad25e7ebb52dd7a9,result,v4-saudi-corporate-20q-v4,"[""coverage""]",1,1,TRUE,"[""corp_borrower_quarter"", ""corp_facility_quarter"", ""corp_collateral_quarter"", ""corp_covenant_quarter""]",corporate,sha256:87239d22e8d75cd894875ef83ef6a51f9d19daeabb93c9b13da53f2d66b30ac1,2026-09-27T22:01:19.728+00:00,6
D-TD09-4,core,art-8225e1de6dde44a3,run-6ee5e25f8bb9452baf9711e3da7546fe,result,v4-saudi-corporate-20q-v4,"[""coverage""]",1,1,TRUE,"[""corp_borrower_quarter"", ""corp_facility_quarter"", ""corp_collateral_quarter"", ""corp_covenant_quarter""]",corporate,sha256:49a3cd256e4784acdb7fa37815212cc32c6fd2e2c60d6647adf53636c70c405e,2026-09-27T22:01:19.973+00:00,5
D-TD09-5,core,art-90ff438afc854981,run-2a40af1058604260bd04ef1110874867,result,v4-saudi-retail-20m-v5,"[""coverage""]",1,1,TRUE,"[""retail_customer_month"", ""retail_account_month"", ""retail_behaviour_month"", ""retail_collateral_month""]",retail,sha256:8d43b0a29bf572090c6a7de8d30c248ead123d983b2feae5b9b33ab369a9eb79,2026-09-27T22:01:20.268+00:00,6
D-TD10-1,core,art-bf8cd64471cb4f54,run-5cc08f82044c49f4b68075845d8376b0,result,v4-saudi-retail-20m-v5,"[""product"", ""ead_s3""]",1,1,TRUE,"[""retail_customer_month"", ""retail_account_month"", ""retail_behaviour_month"", ""retail_collateral_month""]",retail,sha256:0252918502ebe97e99ee0ced8e6295cf7a7bbca38b813704501f5216b2f6d46e,2026-09-27T22:01:20.652+00:00,10
D-TD10-2,core,art-b7f89666180a4d1f,run-d910f321ec2349078b9f5939e15c22d5,result,v4-saudi-retail-20m-v5,"[""n_s3""]",1,1,TRUE,"[""retail_customer_month"", ""retail_account_month"", ""retail_behaviour_month"", ""retail_collateral_month""]",retail,sha256:287e1abd5313bde2d5270b74634af2e522c6023d435b74c3aedd8502e1e59036,2026-09-27T22:01:20.940+00:00,5
D-TD10-3,core,art-876f2a087db04a92,run-9f1378ee6a73441ab3c2a335223aa15b,result,v4-saudi-retail-20m-v5,"[""n_s3""]",1,1,TRUE,"[""retail_customer_month"", ""retail_account_month"", ""retail_behaviour_month"", ""retail_collateral_month""]",retail,sha256:13974a6ed8a1ddf75e696affdf66cba763329b27d4be41c30db43344ed270d8c,2026-09-27T22:01:21.207+00:00,6
D-TD10-4,core,art-553a2848fa914b44,run-4bf08ac42d5a4ea9b078b8dd05ca6a25,result,v4-saudi-retail-20m-v5,"[""ead_s3""]",1,1,TRUE,"[""retail_customer_month"", ""retail_account_month"", ""retail_behaviour_month"", ""retail_collateral_month""]",retail,sha256:12ddf996ed095302846031bc1e24074f773eece3458a8069a3f59268cc9f8511,2026-09-27T22:01:21.539+00:00,6
D-TD10-5,core,art-0be78f486caa42bc,run-4101e7c996b34346ad00e88ac1adea05,result,v4-saudi-retail-20m-v5,"[""ead_s3_latest"", ""ead_s3_base"", ""ead_s3_abs_change"", ""ead_s3_pct_change""]",1,1,TRUE,"[""retail_customer_month"", ""retail_account_month"", ""retail_behaviour_month"", ""retail_collateral_month""]",retail,sha256:b5e4cb7f6912602c599fc76d001adc567466e942a2498f62f530381d4f1feb74,2026-09-27T22:01:21.950+00:00,11
E-13,core,art-78193dbd559f4a15,run-f10bdfaf3da1419ea36297cf3ff996c3,result,v4-saudi-corporate-20q-v4,"[""borrower_name"", ""ead"", ""ead_s2"", ""ead_s3""]",5,5,TRUE,"[""corp_borrower_quarter"", ""corp_facility_quarter"", ""corp_collateral_quarter"", ""corp_covenant_quarter""]",corporate,sha256:342a2c75b7c087dabf69896a63508d2e3b2c798ffe89c34ad3828b81e1e7d74c,2026-09-27T22:01:30.611+00:00,13
E-14,core,art-00b406e2e4224ff3,run-ee779a299b224506908aa5e406989804,result,v4-saudi-retail-20m-v5,"[""ecl_latest"", ""ecl_base"", ""ecl_abs_change"", ""ecl_pct_change""]",1,1,TRUE,"[""retail_customer_month"", ""retail_account_month"", ""retail_behaviour_month"", ""retail_collateral_month""]",retail,sha256:bd8126df47011fea5c7b30ef8f7029d516db2caa2b685f82b7e77889c7b140c0,2026-09-27T22:01:31.210+00:00,8
E-15,core,art-c8e89620c74049ae,run-4053e32208a04e2991707cdec8f2f9be,result,v4-saudi-corporate-20q-v4,"[""ead_s2_latest"", ""ead_s2_base"", ""ead_s2_abs_change"", ""ead_s2_pct_change""]",1,1,TRUE,"[""corp_borrower_quarter"", ""corp_facility_quarter"", ""corp_collateral_quarter"", ""corp_covenant_quarter""]",corporate,sha256:068ef47b281fc02618b2d5b67ea1ec9fcbdd637bb7712991b773edc5da3c471b,2026-09-27T22:01:32.008+00:00,8
E-16,core,art-a62e0c8037364e11,run-1866d032961343b3af7832f9a9fa4fe6,result,v4-saudi-retail-20m-v5,"[""product"", ""ead_s3""]",1,1,TRUE,"[""retail_customer_month"", ""retail_account_month"", ""retail_behaviour_month"", ""retail_collateral_month""]",retail,sha256:0252918502ebe97e99ee0ced8e6295cf7a7bbca38b813704501f5216b2f6d46e,2026-09-27T22:01:32.631+00:00,9
E-17,core,art-1f8bd455472c489e,run-0873129555d248b3b8bda8a5fd5c1374,result,v4-saudi-corporate-20q-v4,"[""ead""]",1,1,TRUE,"[""corp_borrower_quarter"", ""corp_facility_quarter"", ""corp_collateral_quarter"", ""corp_covenant_quarter""]",corporate,sha256:6e48f45176117f4723b343797081a1b2aa2613aed696a0601bbacf420a9e5acb,2026-09-27T22:01:33.028+00:00,6
E-18,core,art-8b26acf06d704daa,run-87ebab60682c49818847b2a1ce22ff72,result,v4-saudi-retail-20m-v5,"[""ead""]",1,1,TRUE,"[""retail_customer_month"", ""retail_account_month"", ""retail_behaviour_month"", ""retail_collateral_month""]",retail,sha256:757221a97ecd6195a94b832f3750da643bcd9b1f85734e20f89227578f59d0cc,2026-09-27T22:01:33.255+00:00,8
E-19,core,art-a9655b7dbbb64493,run-04d80651f530467c9a820abf1c292799,result,v4-saudi-corporate-20q-v4,"[""ead_s2_latest"", ""ead_s2_base"", ""ead_s2_abs_change"", ""ead_s2_pct_change""]",1,1,TRUE,"[""corp_borrower_quarter"", ""corp_facility_quarter"", ""corp_collateral_quarter"", ""corp_covenant_quarter""]",corporate,sha256:068ef47b281fc02618b2d5b67ea1ec9fcbdd637bb7712991b773edc5da3c471b,2026-09-27T22:01:33.684+00:00,7
E-20,core,art-1523afe1ca0f46f3,run-b0e007480189415b90dddcab2d738e6f,result,v4-saudi-retail-20m-v5,"[""ead_s3_latest"", ""ead_s3_base"", ""ead_s3_abs_change"", ""ead_s3_pct_change""]",1,1,TRUE,"[""retail_customer_month"", ""retail_account_month"", ""retail_behaviour_month"", ""retail_collateral_month""]",retail,sha256:ff0d7e716ec2e1330db61bff2fcfc1b0fea4dd5f8b1db2647a0f1e9d98ae7758,2026-09-27T22:01:33.948+00:00,8
F-06,core,art-0fb561e1d36d402a,run-80651346407b4b119f3d366bc96f000b,result,v4-saudi-corporate-20q-v4,"[""ead""]",1,1,TRUE,"[""corp_borrower_quarter"", ""corp_facility_quarter"", ""corp_collateral_quarter"", ""corp_covenant_quarter""]",corporate,sha256:4a5889b0866e3d6a6daaa037f6075980894211685651d82c33fa2562d5845c8c,2026-09-27T22:01:36.014+00:00,5
F-20,core,art-598179cfe21b469f,run-99e40cbf35284e70849fd8d872c7520d,result,v4-saudi-retail-20m-v5,"[""ecl""]",1,1,TRUE,"[""retail_customer_month"", ""retail_account_month"", ""retail_behaviour_month"", ""retail_collateral_month""]",retail,sha256:47da9714bd1578435c92e6f098866c355ee938b3980bade44160dee512051faf,2026-09-27T22:01:41.371+00:00,6
G-01-1,core,art-816e050fc4464829,run-9da2efebbca946efad04b4f94cfd4772,result,v4-saudi-corporate-20q-v4,"[""sector"", ""ead_s2""]",14,14,TRUE,"[""corp_borrower_quarter"", ""corp_facility_quarter"", ""corp_collateral_quarter"", ""corp_covenant_quarter""]",corporate,sha256:6b953f3e7d409ccb0195e06eaad1849deb51d746ea29053296e0322264f4afc1,2026-09-27T22:01:41.658+00:00,9
G-01-2,core,art-5fb8e4b4a9ac46b3,run-d6b92185eda745959005f7ef9766d33b,result,v4-saudi-corporate-20q-v4,"[""sector"", ""ead_s2""]",14,14,TRUE,"[""corp_borrower_quarter"", ""corp_facility_quarter"", ""corp_collateral_quarter"", ""corp_covenant_quarter""]",corporate,sha256:6b953f3e7d409ccb0195e06eaad1849deb51d746ea29053296e0322264f4afc1,2026-09-27T22:01:41.997+00:00,8
G-02-1,core,art-52d4adc1ee894125,run-a3b8cbc41850498881f8d879870d3bc7,result,v4-saudi-corporate-20q-v4,"[""coverage""]",1,1,TRUE,"[""corp_borrower_quarter"", ""corp_facility_quarter"", ""corp_collateral_quarter"", ""corp_covenant_quarter""]",corporate,sha256:49a3cd256e4784acdb7fa37815212cc32c6fd2e2c60d6647adf53636c70c405e,2026-09-27T22:01:42.379+00:00,5
G-02-2,core,art-12c5a4a0f26d48be,run-19d553a35d3947e5a807c1743af3157a,result,v4-saudi-corporate-20q-v4,"[""coverage""]",1,1,TRUE,"[""corp_borrower_quarter"", ""corp_facility_quarter"", ""corp_collateral_quarter"", ""corp_covenant_quarter""]",corporate,sha256:49a3cd256e4784acdb7fa37815212cc32c6fd2e2c60d6647adf53636c70c405e,2026-09-27T22:01:42.913+00:00,5
G-03-1,core,art-c81da3d1942c4e5d,run-6b2e807b3d434a85bc422ad5e96af989,result,v4-saudi-corporate-20q-v4,"[""sector"", ""ead_latest"", ""ead_base"", ""ead_abs_change"", ""ead_pct_change""]",14,14,TRUE,"[""corp_borrower_quarter"", ""corp_facility_quarter"", ""corp_collateral_quarter"", ""corp_covenant_quarter""]",corporate,sha256:cddd87b6ceb8a909626afb5879ec4c2771f560570e2881709aed249aad7af3f5,2026-09-27T22:01:43.373+00:00,9
G-03-2,core,art-9f1c1ca554864720,run-2451c23a52754880ba08763513adf194,result,v4-saudi-corporate-20q-v4,"[""sector"", ""ead_latest"", ""ead_base"", ""ead_abs_change"", ""ead_pct_change""]",14,14,TRUE,"[""corp_borrower_quarter"", ""corp_facility_quarter"", ""corp_collateral_quarter"", ""corp_covenant_quarter""]",corporate,sha256:cddd87b6ceb8a909626afb5879ec4c2771f560570e2881709aed249aad7af3f5,2026-09-27T22:01:43.689+00:00,11
G-04-1,core,art-ea2906c353394c55,run-bcd1a63c51024624acf76632f7f858f3,result,v4-saudi-corporate-20q-v4,"[""sector"", ""ead_latest"", ""ead_base"", ""ead_abs_change"", ""ead_pct_change""]",5,5,TRUE,"[""corp_borrower_quarter"", ""corp_facility_quarter"", ""corp_collateral_quarter"", ""corp_covenant_quarter""]",corporate,sha256:fd2bdb27b009589507f58cbb6eef13816d2d4208fbe38cece832336f9d2597ba,2026-09-27T22:01:44.195+00:00,9
G-04-2,core,art-df4dd164368a4a82,run-33c1a3fa21434b2a9d28a6a469ad4a21,result,v4-saudi-corporate-20q-v4,"[""sector"", ""ead_latest"", ""ead_base"", ""ead_abs_change"", ""ead_pct_change""]",5,5,TRUE,"[""corp_borrower_quarter"", ""corp_facility_quarter"", ""corp_collateral_quarter"", ""corp_covenant_quarter""]",corporate,sha256:fd2bdb27b009589507f58cbb6eef13816d2d4208fbe38cece832336f9d2597ba,2026-09-27T22:01:44.785+00:00,12
G-05-1,core,art-bbfdd24d65a447e5,run-ae7fe01dcff94c32874563be5a6ab549,result,v4-saudi-corporate-20q-v4,"[""sector"", ""ead_s2_latest"", ""ead_s2_base"", ""ead_s2_abs_change"", ""ead_s2_pct_change"", ""contribution_share"", ""total_abs_change""]",14,14,TRUE,"[""corp_borrower_quarter"", ""corp_facility_quarter"", ""corp_collateral_quarter"", ""corp_covenant_quarter""]",corporate,sha256:b9c46a84ba85b33c1555375a9667ef7883ce2b2e357e8e53e354f3cd835defb4,2026-09-27T22:01:45.291+00:00,12
G-05-2,core,art-9e02154646ba4364,run-5d1bad96547d40f680c308183d3e5fd5,result,v4-saudi-corporate-20q-v4,"[""sector"", ""ead_s2_latest"", ""ead_s2_base"", ""ead_s2_abs_change"", ""ead_s2_pct_change"", ""contribution_share"", ""total_abs_change""]",14,14,TRUE,"[""corp_borrower_quarter"", ""corp_facility_quarter"", ""corp_collateral_quarter"", ""corp_covenant_quarter""]",corporate,sha256:b9c46a84ba85b33c1555375a9667ef7883ce2b2e357e8e53e354f3cd835defb4,2026-09-27T22:01:45.857+00:00,14
G-06-1,core,art-6d61fa7662054b85,run-c15761b28fcf4ba4ac610f99011001e5,result,v4-saudi-retail-20m-v5,"[""product"", ""ead""]",5,5,TRUE,"[""retail_customer_month"", ""retail_account_month"", ""retail_behaviour_month"", ""retail_collateral_month""]",retail,sha256:d9fde35bf59bbb99f87b6020cbbbb91ce7f60b50a24045a3dcc0b0d5f7cd30dd,2026-09-27T22:01:46.164+00:00,8
G-06-2,core,art-92a4b21e40e349c3,run-7f2b7628634b4af692bb423d7d060470,result,v4-saudi-retail-20m-v5,"[""product"", ""ead""]",5,5,TRUE,"[""retail_customer_month"", ""retail_account_month"", ""retail_behaviour_month"", ""retail_collateral_month""]",retail,sha256:d9fde35bf59bbb99f87b6020cbbbb91ce7f60b50a24045a3dcc0b0d5f7cd30dd,2026-09-27T22:01:46.494+00:00,10
G-07-1,core,art-f4de6a6413c54c34,run-dfe563f97d2e4c1ab3c9655a486178b0,result,v4-saudi-retail-20m-v5,"[""ecl_latest"", ""ecl_base"", ""ecl_abs_change"", ""ecl_pct_change""]",1,1,TRUE,"[""retail_customer_month"", ""retail_account_month"", ""retail_behaviour_month"", ""retail_collateral_month""]",retail,sha256:bd8126df47011fea5c7b30ef8f7029d516db2caa2b685f82b7e77889c7b140c0,2026-09-27T22:01:46.876+00:00,8
G-07-2,core,art-c6f3b260f0454d44,run-08577996fd7146f3b55909d6321ce06f,result,v4-saudi-retail-20m-v5,"[""ecl_latest"", ""ecl_base"", ""ecl_abs_change"", ""ecl_pct_change""]",1,1,TRUE,"[""retail_customer_month"", ""retail_account_month"", ""retail_behaviour_month"", ""retail_collateral_month""]",retail,sha256:bd8126df47011fea5c7b30ef8f7029d516db2caa2b685f82b7e77889c7b140c0,2026-09-27T22:01:47.163+00:00,7
G-08-1,core,art-f681b2f494044132,run-fe008d0d72de49f6a6fc3cdc3c510a71,result,v4-saudi-retail-20m-v5,"[""product"", ""s2_share""]",5,5,TRUE,"[""retail_customer_month"", ""retail_account_month"", ""retail_behaviour_month"", ""retail_collateral_month""]",retail,sha256:448dc081f019efbd194f14989f0d5b108b5854a44699cb798d6ea1b1a302210a,2026-09-27T22:01:47.509+00:00,9
G-08-2,core,art-5fd199df09424f68,run-9a752ac2b4cd4d989bbcb7e3a8ee6529,result,v4-saudi-retail-20m-v5,"[""product"", ""s2_share""]",5,5,TRUE,"[""retail_customer_month"", ""retail_account_month"", ""retail_behaviour_month"", ""retail_collateral_month""]",retail,sha256:448dc081f019efbd194f14989f0d5b108b5854a44699cb798d6ea1b1a302210a,2026-09-27T22:01:47.812+00:00,11
G-09-1,core,art-215f17585ca74eb5,run-593f4b3688bf473c9e8a0c991b01f0dc,result,v4-saudi-retail-20m-v5,"[""product"", ""ecl_latest"", ""ecl_base"", ""ecl_abs_change"", ""ecl_pct_change"", ""contribution_share"", ""total_abs_change""]",5,5,TRUE,"[""retail_customer_month"", ""retail_account_month"", ""retail_behaviour_month"", ""retail_collateral_month""]",retail,sha256:062ec1863fc8e55eb236f9aa88b237da201eb322801d970372b552c5f0390ddf,2026-09-27T22:01:48.244+00:00,12
G-09-2,core,art-422822b4ebd04e7f,run-fc8849ee686549428cf0082c19055f40,result,v4-saudi-retail-20m-v5,"[""product"", ""ecl_latest"", ""ecl_base"", ""ecl_abs_change"", ""ecl_pct_change"", ""contribution_share"", ""total_abs_change""]",5,5,TRUE,"[""retail_customer_month"", ""retail_account_month"", ""retail_behaviour_month"", ""retail_collateral_month""]",retail,sha256:062ec1863fc8e55eb236f9aa88b237da201eb322801d970372b552c5f0390ddf,2026-09-27T22:01:48.762+00:00,11
G-10-1,core,art-2d39f0f324114783,run-f8a553eae8d147cebd99db68bdd9e2a4,result,v4-saudi-retail-20m-v5,"[""delinquency_bucket"", ""ead""]",5,5,TRUE,"[""retail_customer_month"", ""retail_account_month"", ""retail_behaviour_month"", ""retail_collateral_month""]",retail,sha256:7fcf4fe1dfe9bc5b2f9e86b58d768244c2bb0acd3b918fd29dd136ad7433c812,2026-09-27T22:01:49.187+00:00,12
G-10-2,core,art-6aa0f6a3e92a4b35,run-29b55d9faca549418fe2d0dd1df48652,result,v4-saudi-retail-20m-v5,"[""delinquency_bucket"", ""ead""]",5,5,TRUE,"[""retail_customer_month"", ""retail_account_month"", ""retail_behaviour_month"", ""retail_collateral_month""]",retail,sha256:7fcf4fe1dfe9bc5b2f9e86b58d768244c2bb0acd3b918fd29dd136ad7433c812,2026-09-27T22:01:49.498+00:00,7
CAL-A-C01,calibration,art-709ca97914874d8c,run-151e4fbc86ec423380bad6f069340a27,result,v4-saudi-corporate-20q-v4,"[""ead""]",1,1,TRUE,"[""corp_borrower_quarter"", ""corp_facility_quarter"", ""corp_collateral_quarter"", ""corp_covenant_quarter""]",corporate,sha256:4a5889b0866e3d6a6daaa037f6075980894211685651d82c33fa2562d5845c8c,2026-09-27T22:00:01.010+00:00,6
CAL-A-C07,calibration,art-004c37f66edd4509,run-9c1dba8c9e98473dbaafbeba9bd99ebf,result,v4-saudi-corporate-20q-v4,"[""sector"", ""ead_s2""]",14,14,TRUE,"[""corp_borrower_quarter"", ""corp_facility_quarter"", ""corp_collateral_quarter"", ""corp_covenant_quarter""]",corporate,sha256:6b953f3e7d409ccb0195e06eaad1849deb51d746ea29053296e0322264f4afc1,2026-09-27T22:00:01.309+00:00,21
CAL-A-R01,calibration,art-ab9dc897544643e7,run-66518eea61594461895872e8d2fd4c91,result,v4-saudi-retail-20m-v5,"[""ead""]",1,1,TRUE,"[""retail_customer_month"", ""retail_account_month"", ""retail_behaviour_month"", ""retail_collateral_month""]",retail,sha256:7f83e9a3429d92af1d18c8032b33c2d18779ef6ed756c3ea7ba610131adbe523,2026-09-27T22:00:01.763+00:00,5
CAL-A-R05,calibration,art-780c0ecf180e400a,run-13d7ad1bcbc64765bc9103bc4c582401,result,v4-saudi-retail-20m-v5,"[""product"", ""ead""]",5,5,TRUE,"[""retail_customer_month"", ""retail_account_month"", ""retail_behaviour_month"", ""retail_collateral_month""]",retail,sha256:d9fde35bf59bbb99f87b6020cbbbb91ce7f60b50a24045a3dcc0b0d5f7cd30dd,2026-09-27T22:00:02.057+00:00,8
CAL-B-C03-1,calibration,art-2990b34475bf4149,run-39475853bec349149637005bb8489da5,result,v4-saudi-corporate-20q-v4,"[""sector"", ""ead_s2""]",14,14,TRUE,"[""corp_borrower_quarter"", ""corp_facility_quarter"", ""corp_collateral_quarter"", ""corp_covenant_quarter""]",corporate,sha256:6b953f3e7d409ccb0195e06eaad1849deb51d746ea29053296e0322264f4afc1,2026-09-27T22:00:02.441+00:00,11
CAL-B-R03-2,calibration,art-0df8040c22c0414d,run-d1f8ff6c18b94aaa8ab8dd291a4213fa,result,v4-saudi-retail-20m-v5,"[""product"", ""ead""]",5,5,TRUE,"[""retail_customer_month"", ""retail_account_month"", ""retail_behaviour_month"", ""retail_collateral_month""]",retail,sha256:d9fde35bf59bbb99f87b6020cbbbb91ce7f60b50a24045a3dcc0b0d5f7cd30dd,2026-09-27T22:00:02.718+00:00,10
CAL-C-C02,calibration,art-fb1c78e65cd34ee4,run-8181582fbf32416384d761b51a9c78a8,result,v4-saudi-corporate-20q-v4,"[""sector"", ""ead_latest"", ""ead_base"", ""ead_abs_change"", ""ead_pct_change""]",5,5,TRUE,"[""corp_borrower_quarter"", ""corp_facility_quarter"", ""corp_collateral_quarter"", ""corp_covenant_quarter""]",corporate,sha256:fd2bdb27b009589507f58cbb6eef13816d2d4208fbe38cece832336f9d2597ba,2026-09-27T22:00:03.283+00:00,14
CAL-C-R06,calibration,art-01502f273e034d6b,run-af18318d22c84f599561d98e87d1ad10,result,v4-saudi-retail-20m-v5,"[""product"", ""ecl_latest"", ""ecl_base"", ""ecl_abs_change"", ""ecl_pct_change"", ""contribution_share"", ""total_abs_change""]",5,5,TRUE,"[""retail_customer_month"", ""retail_account_month"", ""retail_behaviour_month"", ""retail_collateral_month""]",retail,sha256:062ec1863fc8e55eb236f9aa88b237da201eb322801d970372b552c5f0390ddf,2026-09-27T22:00:03.623+00:00,15
CAL-D-TD04-1,calibration,art-23967a6d921f4497,run-48cc1ff1c71b457fbe05a2b9be320a00,result,v4-saudi-retail-20m-v5,"[""product"", ""ead""]",5,5,TRUE,"[""retail_customer_month"", ""retail_account_month"", ""retail_behaviour_month"", ""retail_collateral_month""]",retail,sha256:d9fde35bf59bbb99f87b6020cbbbb91ce7f60b50a24045a3dcc0b0d5f7cd30dd,2026-09-27T22:00:04.430+00:00,9
CAL-D-TD04-2,calibration,art-7366374f69374125,run-f8506b413a6c47ef82354961c527c231,result,v4-saudi-retail-20m-v5,"[""product"", ""ead""]",2,2,TRUE,"[""retail_customer_month"", ""retail_account_month"", ""retail_behaviour_month"", ""retail_collateral_month""]",retail,sha256:f346e1a8176b925f6b3b2c08a74d95ca50ae059e5a6c141f56c2b067eebdf095,2026-09-27T22:00:04.698+00:00,7
