paraphrase_group,members,questions,classification,domains,sql_periods,oracle_pass,fact_statuses,root_causes,total_tokens,latency_ms
PG-C01,"[""A-C01"", ""B-C01-1"", ""B-C01-2""]","[""What is total EAD for the corporate portfolio in the latest quarter?"", ""whats the total corporate ead right now"", ""Give me a board-ready figure for total exposure at default across the corporate book at the most recent quarter-end.""]",INVARIANT,"[""corporate""]","[""2026Q2""]","[true, true, true]","[[""PUBLISHED_EXACT""], [""PUBLISHED_EXACT""], [""PUBLISHED_EXACT""]]","[""PASS"", ""PASS"", ""PASS""]","[3000, 3000, 3000]","[130, 166, 276]"
PG-C02,"[""A-C02"", ""B-C02-1"", ""B-C02-2""]","[""What is total Stage 2 EAD in the latest quarter?"", ""s2 ead total latest qtr pls"", ""Don't explain first. Give me the Stage 2 exposure-at-default total for the most recent quarter, then one line of context.""]",INVARIANT,"[""corporate""]","[""2026Q2""]","[true, true, true]","[[""PUBLISHED_EXACT""], [""PUBLISHED_EXACT""], [""PUBLISHED_EXACT""]]","[""PASS"", ""PASS"", ""PASS""]","[3000, 3000, 3000]","[175, 164, 342]"
PG-C03,"[""A-C07"", ""B-C03-1"", ""B-C03-2""]","[""Show Stage 2 EAD by sector for the latest quarter."", ""Where is Stage 2 sitting across sectors right now?"", ""s2 ead by sector latest qtr pls""]",INVARIANT,"[""corporate""]","[""2026Q2""]","[true, true, true]","[[""PUBLISHED_EXACT"", ""PUBLISHED_EXACT"", ""PUBLISHED_EXACT"", ""PUBLISHED_EXACT"", ""PUBLISHED_EXACT"", ""PUBLISHED_EXACT"", ""PUBLISHED_EXACT"", ""PUBLISHED_EXACT"", ""PUBLISHED_EXACT"", ""PUBLISHED_EXACT"", ""PUBLISHED_EXACT"", ""PUBLISHED_EXACT"", ""PUBLISHED_EXACT"", ""PUBLISHED_EXACT""], [""PUBLISHED_EXACT"", ""PUBLISHED_EXACT"", ""PUBLISHED_EXACT"", ""PUBLISHED_EXACT"", ""PUBLISHED_EXACT"", ""PUBLISHED_EXACT"", ""PUBLISHED_EXACT"", ""PUBLISHED_EXACT"", ""PUBLISHED_EXACT"", ""PUBLISHED_EXACT"", ""PUBLISHED_EXACT"", ""PUBLISHED_EXACT"", ""PUBLISHED_EXACT"", ""PUBLISHED_EXACT""], [""PUBLISHED_EXACT"", ""PUBLISHED_EXACT"", ""PUBLISHED_EXACT"", ""PUBLISHED_EXACT"", ""PUBLISHED_EXACT"", ""PUBLISHED_EXACT"", ""PUBLISHED_EXACT"", ""PUBLISHED_EXACT"", ""PUBLISHED_EXACT"", ""PUBLISHED_EXACT"", ""PUBLISHED_EXACT"", ""PUBLISHED_EXACT"", ""PUBLISHED_EXACT"", ""PUBLISHED_EXACT""]]","[""PASS"", ""PASS"", ""PASS""]","[3000, 3000, 3000]","[146, 157, 153]"
PG-C04,"[""A-C09"", ""B-C04-1"", ""B-C04-2""]","[""Which five sectors have the highest ECL in the latest quarter?"", ""Top 5 sectors by expected credit loss, most recent quarter?"", ""Give me a board-ready view of the five sectors carrying the most ECL this quarter.""]",INVARIANT,"[""corporate""]","[""2026Q2""]","[true, true, true]","[[""PUBLISHED_EXACT"", ""PUBLISHED_EXACT"", ""PUBLISHED_EXACT"", ""PUBLISHED_EXACT"", ""PUBLISHED_EXACT""], [""PUBLISHED_EXACT"", ""PUBLISHED_EXACT"", ""PUBLISHED_EXACT"", ""PUBLISHED_EXACT"", ""PUBLISHED_EXACT""], [""PUBLISHED_EXACT"", ""PUBLISHED_EXACT"", ""PUBLISHED_EXACT"", ""PUBLISHED_EXACT"", ""PUBLISHED_EXACT""]]","[""PASS"", ""PASS"", ""PASS""]","[3000, 3000, 3000]","[173, 247, 236]"
PG-C05,"[""A-C12"", ""B-C05-1"", ""B-C05-2""]","[""What is the ECL coverage ratio, ECL divided by EAD, for the whole corporate book in the latest quarter?"", ""How well covered is the corporate book? ECL over EAD, latest quarter."", ""coverage ratio ecl/ead whole corp book latest qtr""]",INVARIANT,"[""corporate""]","[""2026Q2""]","[true, true, true]","[[""PUBLISHED_EXACT""], [""PUBLISHED_EXACT""], [""PUBLISHED_EXACT""]]","[""PASS"", ""PASS"", ""PASS""]","[3000, 3000, 3000]","[282, 209, 255]"
PG-C06,"[""A-C13"", ""B-C06-1"", ""B-C06-2""]","[""What share of total EAD is in Stage 2 in the latest quarter?"", ""What proportion of corporate exposure at default is Stage 2 at the latest quarter-end?"", ""stage 2 % of ead latest q""]",INVARIANT,"[""corporate""]","[""2026Q2""]","[true, true, true]","[[""PUBLISHED_EXACT""], [""PUBLISHED_EXACT""], [""PUBLISHED_EXACT""]]","[""PASS"", ""PASS"", ""PASS""]","[3000, 3000, 3000]","[180, 279, 124]"
PG-C07,"[""A-C16"", ""B-C07-1"", ""B-C07-2""]","[""How did total Stage 2 EAD change quarter on quarter?"", ""Did Stage 2 EAD go up or down versus last quarter, and by how much?"", ""Don't give me a table. Just tell me the quarter-on-quarter movement in total Stage 2 exposure at default.""]",INVARIANT,"[""corporate""]","[""2026Q1,2026Q2""]","[true, true, true]","[[""PUBLISHED_EXACT""], [""PUBLISHED_EXACT""], [""PUBLISHED_EXACT""]]","[""PASS"", ""PASS"", ""PASS""]","[3000, 3000, 3000]","[188, 147, 266]"
PG-C08,"[""A-C17"", ""B-C08-1"", ""B-C08-2""]","[""Show the quarter-on-quarter change in EAD for each sector."", ""For every sector, how much did EAD move since the previous quarter?"", ""Give me a board-ready table of quarter-on-quarter EAD movement by sector.""]",INVARIANT,"[""corporate""]","[""2026Q1,2026Q2""]","[true, true, true]","[[""PUBLISHED_EXACT"", ""PUBLISHED_EXACT"", ""PUBLISHED_EXACT"", ""PUBLISHED_EXACT"", ""PUBLISHED_EXACT"", ""PUBLISHED_EXACT"", ""PUBLISHED_EXACT"", ""PUBLISHED_EXACT"", ""PUBLISHED_EXACT"", ""PUBLISHED_EXACT"", ""PUBLISHED_EXACT"", ""PUBLISHED_EXACT"", ""PUBLISHED_EXACT"", ""PUBLISHED_EXACT""], [""PUBLISHED_EXACT"", ""PUBLISHED_EXACT"", ""PUBLISHED_EXACT"", ""PUBLISHED_EXACT"", ""PUBLISHED_EXACT"", ""PUBLISHED_EXACT"", ""PUBLISHED_EXACT"", ""PUBLISHED_EXACT"", ""PUBLISHED_EXACT"", ""PUBLISHED_EXACT"", ""PUBLISHED_EXACT"", ""PUBLISHED_EXACT"", ""PUBLISHED_EXACT"", ""PUBLISHED_EXACT""], [""PUBLISHED_EXACT"", ""PUBLISHED_EXACT"", ""PUBLISHED_EXACT"", ""PUBLISHED_EXACT"", ""PUBLISHED_EXACT"", ""PUBLISHED_EXACT"", ""PUBLISHED_EXACT"", ""PUBLISHED_EXACT"", ""PUBLISHED_EXACT"", ""PUBLISHED_EXACT"", ""PUBLISHED_EXACT"", ""PUBLISHED_EXACT"", ""PUBLISHED_EXACT"", ""PUBLISHED_EXACT""]]","[""PASS"", ""PASS"", ""PASS""]","[3000, 3000, 3000]","[206, 244, 256]"
PG-C09,"[""A-C22"", ""B-C09-1"", ""B-C09-2""]","[""Who are the ten largest borrowers by EAD in the latest quarter?"", ""top 10 borrowers by ead this qtr"", ""Which ten obligors carry the most exposure at default at the latest quarter-end?""]",INVARIANT,"[""corporate""]","[""2026Q2""]","[true, true, true]","[[""PUBLISHED_EXACT"", ""PUBLISHED_EXACT"", ""PUBLISHED_EXACT"", ""PUBLISHED_EXACT"", ""PUBLISHED_EXACT"", ""PUBLISHED_EXACT"", ""PUBLISHED_EXACT"", ""PUBLISHED_EXACT"", ""PUBLISHED_EXACT"", ""PUBLISHED_EXACT""], [""PUBLISHED_EXACT"", ""PUBLISHED_EXACT"", ""PUBLISHED_EXACT"", ""PUBLISHED_EXACT"", ""PUBLISHED_EXACT"", ""PUBLISHED_EXACT"", ""PUBLISHED_EXACT"", ""PUBLISHED_EXACT"", ""PUBLISHED_EXACT"", ""PUBLISHED_EXACT""], [""PUBLISHED_EXACT"", ""PUBLISHED_EXACT"", ""PUBLISHED_EXACT"", ""PUBLISHED_EXACT"", ""PUBLISHED_EXACT"", ""PUBLISHED_EXACT"", ""PUBLISHED_EXACT"", ""PUBLISHED_EXACT"", ""PUBLISHED_EXACT"", ""PUBLISHED_EXACT""]]","[""PASS"", ""PASS"", ""PASS""]","[3000, 3000, 3000]","[200, 190, 263]"
PG-C10,"[""B-C10-1"", ""B-C10-2"", ""C-C01""]","[""Which sectors have the highest proportion of their own EAD in Stage 2? Order them all, latest quarter."", ""rank sectors s2 share of own ead latest q"", ""Rank sectors by Stage 2 share of each sector's EAD for the latest quarter.""]",INVARIANT,"[""corporate""]","[""2026Q2""]","[true, true, true]","[[""PUBLISHED_EXACT"", ""PUBLISHED_EXACT"", ""PUBLISHED_EXACT"", ""PUBLISHED_EXACT"", ""PUBLISHED_EXACT"", ""PUBLISHED_EXACT"", ""PUBLISHED_EXACT"", ""PUBLISHED_EXACT"", ""PUBLISHED_EXACT"", ""PUBLISHED_EXACT"", ""PUBLISHED_EXACT"", ""PUBLISHED_EXACT"", ""PUBLISHED_EXACT"", ""PUBLISHED_EXACT""], [""PUBLISHED_EXACT"", ""PUBLISHED_EXACT"", ""PUBLISHED_EXACT"", ""PUBLISHED_EXACT"", ""PUBLISHED_EXACT"", ""PUBLISHED_EXACT"", ""PUBLISHED_EXACT"", ""PUBLISHED_EXACT"", ""PUBLISHED_EXACT"", ""PUBLISHED_EXACT"", ""PUBLISHED_EXACT"", ""PUBLISHED_EXACT"", ""PUBLISHED_EXACT"", ""PUBLISHED_EXACT""], [""PUBLISHED_EXACT"", ""PUBLISHED_EXACT"", ""PUBLISHED_EXACT"", ""PUBLISHED_EXACT"", ""PUBLISHED_EXACT"", ""PUBLISHED_EXACT"", ""PUBLISHED_EXACT"", ""PUBLISHED_EXACT"", ""PUBLISHED_EXACT"", ""PUBLISHED_EXACT"", ""PUBLISHED_EXACT"", ""PUBLISHED_EXACT"", ""PUBLISHED_EXACT"", ""PUBLISHED_EXACT""]]","[""PASS"", ""PASS"", ""PASS""]","[3000, 3000, 3000]","[426, 229, 231]"
PG-C11,"[""B-C11-1"", ""B-C11-2"", ""C-C02""]","[""Compare the five biggest sectors by EAD this quarter against last quarter, with the absolute and % movement."", ""Rank the top five sectors by EAD, then for each show the change from the previous quarter in SAR and in percent. Summary afterwards."", ""Take the five largest sectors by EAD in the latest quarter and compare each with the previous quarter, showing absolute and percentage change.""]",INVARIANT,"[""corporate""]","[""2026Q1,2026Q2""]","[true, true, true]","[[""PUBLISHED_EXACT"", ""PUBLISHED_EXACT"", ""PUBLISHED_EXACT"", ""PUBLISHED_EXACT"", ""PUBLISHED_EXACT"", ""PUBLISHED_EXACT"", ""PUBLISHED_EXACT"", ""PUBLISHED_EXACT"", ""PUBLISHED_EXACT"", ""PUBLISHED_EXACT"", ""PUBLISHED_EXACT"", ""PUBLISHED_EXACT"", ""PUBLISHED_EXACT"", ""PUBLISHED_EXACT"", ""PUBLISHED_EXACT"", ""PUBLISHED_EXACT"", ""PUBLISHED_EXACT"", ""PUBLISHED_EXACT"", ""PUBLISHED_EXACT"", ""PUBLISHED_EXACT""], [""PUBLISHED_EXACT"", ""PUBLISHED_EXACT"", ""PUBLISHED_EXACT"", ""PUBLISHED_EXACT"", ""PUBLISHED_EXACT"", ""PUBLISHED_EXACT"", ""PUBLISHED_EXACT"", ""PUBLISHED_EXACT"", ""PUBLISHED_EXACT"", ""PUBLISHED_EXACT"", ""PUBLISHED_EXACT"", ""PUBLISHED_EXACT"", ""PUBLISHED_EXACT"", ""PUBLISHED_EXACT"", ""PUBLISHED_EXACT"", ""PUBLISHED_EXACT"", ""PUBLISHED_EXACT"", ""PUBLISHED_EXACT"", ""PUBLISHED_EXACT"", ""PUBLISHED_EXACT""], [""PUBLISHED_EXACT"", ""PUBLISHED_EXACT"", ""PUBLISHED_EXACT"", ""PUBLISHED_EXACT"", ""PUBLISHED_EXACT"", ""PUBLISHED_EXACT"", ""PUBLISHED_EXACT"", ""PUBLISHED_EXACT"", ""PUBLISHED_EXACT"", ""PUBLISHED_EXACT"", ""PUBLISHED_EXACT"", ""PUBLISHED_EXACT"", ""PUBLISHED_EXACT"", ""PUBLISHED_EXACT"", ""PUBLISHED_EXACT"", ""PUBLISHED_EXACT"", ""PUBLISHED_EXACT"", ""PUBLISHED_EXACT"", ""PUBLISHED_EXACT"", ""PUBLISHED_EXACT""]]","[""PASS"", ""PASS"", ""PASS""]","[3000, 3000, 3000]","[301, 363, 379]"
PG-C12,"[""B-C12-1"", ""B-C12-2"", ""C-C05""]","[""Build me one driver table by sector for the latest quarter: EAD, Stage 2 EAD, Stage 3 EAD, ECL and coverage."", ""sector table latest q: ead, s2 ead, s3 ead, ecl, ecl/ead"", ""For each sector in the latest quarter, give EAD, Stage 2 EAD, Stage 3 EAD, ECL and the ECL-to-EAD coverage ratio in one table.""]",INVARIANT,"[""corporate""]","[""2026Q2""]","[true, true, true]","[[""PUBLISHED_EXACT"", ""PUBLISHED_EXACT"", ""PUBLISHED_EXACT"", ""PUBLISHED_EXACT"", ""PUBLISHED_EXACT"", ""PUBLISHED_EXACT"", ""PUBLISHED_EXACT"", ""PUBLISHED_EXACT"", ""PUBLISHED_EXACT"", ""PUBLISHED_EXACT"", ""PUBLISHED_EXACT"", ""PUBLISHED_EXACT"", ""PUBLISHED_EXACT"", ""PUBLISHED_EXACT"", ""PUBLISHED_EXACT"", ""PUBLISHED_EXACT"", ""PUBLISHED_EXACT"", ""PUBLISHED_EXACT"", ""PUBLISHED_EXACT"", ""PUBLISHED_EXACT"", ""PUBLISHED_EXACT"", ""PUBLISHED_EXACT"", ""PUBLISHED_EXACT"", ""PUBLISHED_EXACT"", ""PUBLISHED_EXACT"", ""PUBLISHED_EXACT"", ""PUBLISHED_EXACT"", ""PUBLISHED_EXACT"", ""PUBLISHED_EXACT"", ""PUBLISHED_EXACT"", ""PUBLISHED_EXACT"", ""PUBLISHED_EXACT"", ""PUBLISHED_EXACT"", ""PUBLISHED_EXACT"", ""PUBLISHED_EXACT"", ""PUBLISHED_EXACT"", ""PUBLISHED_EXACT"", ""PUBLISHED_EXACT"", ""PUBLISHED_EXACT"", ""PUBLISHED_EXACT"", ""PUBLISHED_EXACT"", ""PUBLISHED_EXACT"", ""PUBLISHED_EXACT"", ""PUBLISHED_EXACT"", ""PUBLISHED_EXACT"", ""PUBLISHED_EXACT"", ""PUBLISHED_EXACT"", ""PUBLISHED_EXACT"", ""PUBLISHED_EXACT"", ""PUBLISHED_EXACT"", ""PUBLISHED_EXACT"", ""PUBLISHED_EXACT"", ""PUBLISHED_EXACT"", ""PUBLISHED_EXACT"", ""PUBLISHED_EXACT"", ""PUBLISHED_EXACT"", ""PUBLISHED_EXACT"", ""PUBLISHED_EXACT"", ""PUBLISHED_EXACT"", ""PUBLISHED_EXACT"", ""PUBLISHED_EXACT"", ""PUBLISHED_EXACT"", ""PUBLISHED_EXACT"", ""PUBLISHED_EXACT"", ""PUBLISHED_EXACT"", ""PUBLISHED_EXACT"", ""PUBLISHED_EXACT"", ""PUBLISHED_EXACT"", ""PUBLISHED_EXACT"", ""PUBLISHED_EXACT""], [""PUBLISHED_EXACT"", ""PUBLISHED_EXACT"", ""PUBLISHED_EXACT"", ""PUBLISHED_EXACT"", ""PUBLISHED_EXACT"", ""PUBLISHED_EXACT"", ""PUBLISHED_EXACT"", ""PUBLISHED_EXACT"", ""PUBLISHED_EXACT"", ""PUBLISHED_EXACT"", ""PUBLISHED_EXACT"", ""PUBLISHED_EXACT"", ""PUBLISHED_EXACT"", ""PUBLISHED_EXACT"", ""PUBLISHED_EXACT"", ""PUBLISHED_EXACT"", ""PUBLISHED_EXACT"", ""PUBLISHED_EXACT"", ""PUBLISHED_EXACT"", ""PUBLISHED_EXACT"", ""PUBLISHED_EXACT"", ""PUBLISHED_EXACT"", ""PUBLISHED_EXACT"", ""PUBLISHED_EXACT"", ""PUBLISHED_EXACT"", ""PUBLISHED_EXACT"", ""PUBLISHED_EXACT"", ""PUBLISHED_EXACT"", ""PUBLISHED_EXACT"", ""PUBLISHED_EXACT"", ""PUBLISHED_EXACT"", ""PUBLISHED_EXACT"", ""PUBLISHED_EXACT"", ""PUBLISHED_EXACT"", ""PUBLISHED_EXACT"", ""PUBLISHED_EXACT"", ""PUBLISHED_EXACT"", ""PUBLISHED_EXACT"", ""PUBLISHED_EXACT"", ""PUBLISHED_EXACT"", ""PUBLISHED_EXACT"", ""PUBLISHED_EXACT"", ""PUBLISHED_EXACT"", ""PUBLISHED_EXACT"", ""PUBLISHED_EXACT"", ""PUBLISHED_EXACT"", ""PUBLISHED_EXACT"", ""PUBLISHED_EXACT"", ""PUBLISHED_EXACT"", ""PUBLISHED_EXACT"", ""PUBLISHED_EXACT"", ""PUBLISHED_EXACT"", ""PUBLISHED_EXACT"", ""PUBLISHED_EXACT"", ""PUBLISHED_EXACT"", ""PUBLISHED_EXACT"", ""PUBLISHED_EXACT"", ""PUBLISHED_EXACT"", ""PUBLISHED_EXACT"", ""PUBLISHED_EXACT"", ""PUBLISHED_EXACT"", ""PUBLISHED_EXACT"", ""PUBLISHED_EXACT"", ""PUBLISHED_EXACT"", ""PUBLISHED_EXACT"", ""PUBLISHED_EXACT"", ""PUBLISHED_EXACT"", ""PUBLISHED_EXACT"", ""PUBLISHED_EXACT"", ""PUBLISHED_EXACT""], [""PUBLISHED_EXACT"", ""PUBLISHED_EXACT"", ""PUBLISHED_EXACT"", ""PUBLISHED_EXACT"", ""PUBLISHED_EXACT"", ""PUBLISHED_EXACT"", ""PUBLISHED_EXACT"", ""PUBLISHED_EXACT"", ""PUBLISHED_EXACT"", ""PUBLISHED_EXACT"", ""PUBLISHED_EXACT"", ""PUBLISHED_EXACT"", ""PUBLISHED_EXACT"", ""PUBLISHED_EXACT"", ""PUBLISHED_EXACT"", ""PUBLISHED_EXACT"", ""PUBLISHED_EXACT"", ""PUBLISHED_EXACT"", ""PUBLISHED_EXACT"", ""PUBLISHED_EXACT"", ""PUBLISHED_EXACT"", ""PUBLISHED_EXACT"", ""PUBLISHED_EXACT"", ""PUBLISHED_EXACT"", ""PUBLISHED_EXACT"", ""PUBLISHED_EXACT"", ""PUBLISHED_EXACT"", ""PUBLISHED_EXACT"", ""PUBLISHED_EXACT"", ""PUBLISHED_EXACT"", ""PUBLISHED_EXACT"", ""PUBLISHED_EXACT"", ""PUBLISHED_EXACT"", ""PUBLISHED_EXACT"", ""PUBLISHED_EXACT"", ""PUBLISHED_EXACT"", ""PUBLISHED_EXACT"", ""PUBLISHED_EXACT"", ""PUBLISHED_EXACT"", ""PUBLISHED_EXACT"", ""PUBLISHED_EXACT"", ""PUBLISHED_EXACT"", ""PUBLISHED_EXACT"", ""PUBLISHED_EXACT"", ""PUBLISHED_EXACT"", ""PUBLISHED_EXACT"", ""PUBLISHED_EXACT"", ""PUBLISHED_EXACT"", ""PUBLISHED_EXACT"", ""PUBLISHED_EXACT"", ""PUBLISHED_EXACT"", ""PUBLISHED_EXACT"", ""PUBLISHED_EXACT"", ""PUBLISHED_EXACT"", ""PUBLISHED_EXACT"", ""PUBLISHED_EXACT"", ""PUBLISHED_EXACT"", ""PUBLISHED_EXACT"", ""PUBLISHED_EXACT"", ""PUBLISHED_EXACT"", ""PUBLISHED_EXACT"", ""PUBLISHED_EXACT"", ""PUBLISHED_EXACT"", ""PUBLISHED_EXACT"", ""PUBLISHED_EXACT"", ""PUBLISHED_EXACT"", ""PUBLISHED_EXACT"", ""PUBLISHED_EXACT"", ""PUBLISHED_EXACT"", ""PUBLISHED_EXACT""]]","[""PASS"", ""PASS"", ""PASS""]","[3000, 3000, 3000]","[411, 338, 423]"
PG-C13,"[""B-C13-1"", ""B-C13-2"", ""C-C06""]","[""What drove the change in Stage 2 EAD this quarter? Show the five sectors with the biggest absolute movement and their share of the total change."", ""Give me a board-ready attribution of the quarter-on-quarter Stage 2 EAD change to its top five sector contributors."", ""Which sectors contributed most to the quarter-on-quarter change in total Stage 2 EAD? Show the five largest contributors by absolute change.""]",INVARIANT,"[""corporate""]","[""2026Q1,2026Q2""]","[true, true, true]","[[""PUBLISHED_EXACT"", ""PUBLISHED_EXACT"", ""PUBLISHED_EXACT"", ""PUBLISHED_EXACT"", ""PUBLISHED_EXACT"", ""PUBLISHED_EXACT""], [""PUBLISHED_EXACT"", ""PUBLISHED_EXACT"", ""PUBLISHED_EXACT"", ""PUBLISHED_EXACT"", ""PUBLISHED_EXACT"", ""PUBLISHED_EXACT""], [""PUBLISHED_EXACT"", ""PUBLISHED_EXACT"", ""PUBLISHED_EXACT"", ""PUBLISHED_EXACT"", ""PUBLISHED_EXACT"", ""PUBLISHED_EXACT""]]","[""PASS"", ""PASS"", ""PASS""]","[3000, 3000, 3000]","[312, 301, 375]"
PG-R01,"[""A-R01"", ""B-R01-1"", ""B-R01-2""]","[""What is total retail EAD in the latest month?"", ""retail ead total latest month"", ""What is the total exposure at default of the retail book at the most recent month-end?""]",INVARIANT,"[""retail""]","[""2026-08""]","[true, true, true]","[[""PUBLISHED_EXACT""], [""PUBLISHED_EXACT""], [""PUBLISHED_EXACT""]]","[""PASS"", ""PASS"", ""PASS""]","[3000, 3000, 3000]","[102, 108, 165]"
PG-R02,"[""A-R04"", ""B-R02-1"", ""B-R02-2""]","[""What is total recognised ECL for the retail book in the latest month?"", ""How much ECL are we carrying in retail right now?"", ""total retail ecl latest mth""]",INVARIANT,"[""retail""]","[""2026-08""]","[true, true, true]","[[""PUBLISHED_EXACT""], [""PUBLISHED_EXACT""], [""PUBLISHED_EXACT""]]","[""PASS"", ""PASS"", ""PASS""]","[3000, 3000, 3000]","[107, 111, 89]"
PG-R03,"[""A-R05"", ""B-R03-1"", ""B-R03-2""]","[""Show retail EAD by product for the latest month."", ""Break down retail exposure at default by product for the most recent month."", ""Give me a board-ready view of how retail EAD splits across products this month.""]",INVARIANT,"[""retail""]","[""2026-08""]","[true, true, true]","[[""PUBLISHED_EXACT"", ""PUBLISHED_EXACT"", ""PUBLISHED_EXACT"", ""PUBLISHED_EXACT"", ""PUBLISHED_EXACT""], [""PUBLISHED_EXACT"", ""PUBLISHED_EXACT"", ""PUBLISHED_EXACT"", ""PUBLISHED_EXACT"", ""PUBLISHED_EXACT""], [""PUBLISHED_EXACT"", ""PUBLISHED_EXACT"", ""PUBLISHED_EXACT"", ""PUBLISHED_EXACT"", ""PUBLISHED_EXACT""]]","[""PASS"", ""PASS"", ""PASS""]","[3000, 3000, 3000]","[86, 132, 138]"
PG-R04,"[""A-R06"", ""B-R04-1"", ""B-R04-2""]","[""Show Stage 2 EAD by product for the latest month."", ""s2 ead by product latest month"", ""Where is retail Stage 2 exposure concentrated by product at the latest month-end?""]",INVARIANT,"[""retail""]","[""2026-08""]","[true, true, true]","[[""PUBLISHED_EXACT"", ""PUBLISHED_EXACT"", ""PUBLISHED_EXACT"", ""PUBLISHED_EXACT"", ""PUBLISHED_EXACT""], [""PUBLISHED_EXACT"", ""PUBLISHED_EXACT"", ""PUBLISHED_EXACT"", ""PUBLISHED_EXACT"", ""PUBLISHED_EXACT""], [""PUBLISHED_EXACT"", ""PUBLISHED_EXACT"", ""PUBLISHED_EXACT"", ""PUBLISHED_EXACT"", ""PUBLISHED_EXACT""]]","[""PASS"", ""PASS"", ""PASS""]","[3000, 3000, 3000]","[117, 122, 141]"
PG-R05,"[""A-R11"", ""B-R05-1"", ""B-R05-2""]","[""What is the retail ECL coverage ratio, ECL divided by EAD, in the latest month?"", ""How covered is retail? ECL divided by EAD for the latest month."", ""retail coverage ecl/ead latest""]",INVARIANT,"[""retail""]","[""2026-08""]","[true, true, true]","[[""PUBLISHED_EXACT""], [""PUBLISHED_EXACT""], [""PUBLISHED_EXACT""]]","[""PASS"", ""PASS"", ""PASS""]","[3000, 3000, 3000]","[170, 120, 244]"
PG-R06,"[""A-R14"", ""B-R06-1"", ""B-R06-2""]","[""Show the Stage 2 share of EAD for each retail product in the latest month."", ""For each retail product, what percentage of its EAD is Stage 2 this month?"", ""stage 2 share by product latest month pls""]",INVARIANT,"[""retail""]","[""2026-08""]","[true, true, true]","[[""PUBLISHED_EXACT"", ""PUBLISHED_EXACT"", ""PUBLISHED_EXACT"", ""PUBLISHED_EXACT"", ""PUBLISHED_EXACT""], [""PUBLISHED_EXACT"", ""PUBLISHED_EXACT"", ""PUBLISHED_EXACT"", ""PUBLISHED_EXACT"", ""PUBLISHED_EXACT""], [""PUBLISHED_EXACT"", ""PUBLISHED_EXACT"", ""PUBLISHED_EXACT"", ""PUBLISHED_EXACT"", ""PUBLISHED_EXACT""]]","[""PASS"", ""PASS"", ""PASS""]","[3000, 3000, 3000]","[141, 164, 145]"
PG-R07,"[""A-R16"", ""B-R07-1"", ""B-R07-2""]","[""How did total retail ECL change month on month, in absolute and percentage terms?"", ""Did retail ECL go up or down versus last month? Give the SAR and % change."", ""Don't give me a narrative. Month-on-month change in total retail ECL, absolute and percent.""]",INVARIANT,"[""retail""]","[""2026-07,2026-08""]","[true, true, true]","[[""PUBLISHED_EXACT"", ""PUBLISHED_EXACT""], [""PUBLISHED_EXACT"", ""PUBLISHED_EXACT""], [""PUBLISHED_EXACT"", ""PUBLISHED_EXACT""]]","[""PASS"", ""PASS"", ""PASS""]","[3000, 3000, 3000]","[168, 119, 164]"
PG-R08,"[""A-R18"", ""B-R08-1"", ""B-R08-2""]","[""How much retail EAD is 30 or more days past due in the latest month?"", ""How much retail exposure at default is 30+ days past due at the latest month-end?"", ""ead 30+ dpd retail latest mth""]",INVARIANT,"[""retail""]","[""2026-08""]","[true, true, true]","[[""PUBLISHED_EXACT""], [""PUBLISHED_EXACT""], [""PUBLISHED_EXACT""]]","[""PASS"", ""PASS"", ""PASS""]","[3000, 3000, 3000]","[120, 194, 134]"
PG-R09,"[""A-R19"", ""B-R09-1"", ""B-R09-2""]","[""Show retail EAD by delinquency bucket for the latest month."", ""Show me how retail EAD is distributed across delinquency buckets this month."", ""Give me a board-ready view of retail EAD by arrears bucket at the latest month-end.""]",INVARIANT,"[""retail""]","[""2026-08""]","[true, true, true]","[[""PUBLISHED_EXACT"", ""PUBLISHED_EXACT"", ""PUBLISHED_EXACT"", ""PUBLISHED_EXACT"", ""PUBLISHED_EXACT""], [""PUBLISHED_EXACT"", ""PUBLISHED_EXACT"", ""PUBLISHED_EXACT"", ""PUBLISHED_EXACT"", ""PUBLISHED_EXACT""], [""PUBLISHED_EXACT"", ""PUBLISHED_EXACT"", ""PUBLISHED_EXACT"", ""PUBLISHED_EXACT"", ""PUBLISHED_EXACT""]]","[""PASS"", ""PASS"", ""PASS""]","[3000, 3000, 3000]","[120, 115, 134]"
PG-R10,"[""B-R10-1"", ""B-R10-2"", ""C-R01""]","[""Which retail products have the highest share of their own EAD in Stage 2? Order all of them, latest month."", ""rank products by s2 share of own ead latest month"", ""Rank retail products by Stage 2 share of each product's EAD for the latest month.""]",INVARIANT,"[""retail""]","[""2026-08""]","[true, true, true]","[[""PUBLISHED_EXACT"", ""PUBLISHED_EXACT"", ""PUBLISHED_EXACT"", ""PUBLISHED_EXACT"", ""PUBLISHED_EXACT""], [""PUBLISHED_EXACT"", ""PUBLISHED_EXACT"", ""PUBLISHED_EXACT"", ""PUBLISHED_EXACT"", ""PUBLISHED_EXACT""], [""PUBLISHED_EXACT"", ""PUBLISHED_EXACT"", ""PUBLISHED_EXACT"", ""PUBLISHED_EXACT"", ""PUBLISHED_EXACT""]]","[""PASS"", ""PASS"", ""PASS""]","[3000, 3000, 3000]","[217, 223, 170]"
PG-R11,"[""B-R11-1"", ""B-R11-2"", ""C-R02""]","[""How did each product's EAD move since last month, in SAR and percent?"", ""product ead latest vs prev month abs and pct change"", ""Compare each retail product's EAD in the latest month with the previous month, showing absolute and percentage change.""]",INVARIANT,"[""retail""]","[""2026-07,2026-08""]","[true, true, true]","[[""PUBLISHED_EXACT"", ""PUBLISHED_EXACT"", ""PUBLISHED_EXACT"", ""PUBLISHED_EXACT"", ""PUBLISHED_EXACT"", ""PUBLISHED_EXACT"", ""PUBLISHED_EXACT"", ""PUBLISHED_EXACT"", ""PUBLISHED_EXACT"", ""PUBLISHED_EXACT"", ""PUBLISHED_EXACT"", ""PUBLISHED_EXACT"", ""PUBLISHED_EXACT"", ""PUBLISHED_EXACT"", ""PUBLISHED_EXACT"", ""PUBLISHED_EXACT"", ""PUBLISHED_EXACT"", ""PUBLISHED_EXACT"", ""PUBLISHED_EXACT"", ""PUBLISHED_EXACT""], [""PUBLISHED_EXACT"", ""PUBLISHED_EXACT"", ""PUBLISHED_EXACT"", ""PUBLISHED_EXACT"", ""PUBLISHED_EXACT"", ""PUBLISHED_EXACT"", ""PUBLISHED_EXACT"", ""PUBLISHED_EXACT"", ""PUBLISHED_EXACT"", ""PUBLISHED_EXACT"", ""PUBLISHED_EXACT"", ""PUBLISHED_EXACT"", ""PUBLISHED_EXACT"", ""PUBLISHED_EXACT"", ""PUBLISHED_EXACT"", ""PUBLISHED_EXACT"", ""PUBLISHED_EXACT"", ""PUBLISHED_EXACT"", ""PUBLISHED_EXACT"", ""PUBLISHED_EXACT""], [""PUBLISHED_EXACT"", ""PUBLISHED_EXACT"", ""PUBLISHED_EXACT"", ""PUBLISHED_EXACT"", ""PUBLISHED_EXACT"", ""PUBLISHED_EXACT"", ""PUBLISHED_EXACT"", ""PUBLISHED_EXACT"", ""PUBLISHED_EXACT"", ""PUBLISHED_EXACT"", ""PUBLISHED_EXACT"", ""PUBLISHED_EXACT"", ""PUBLISHED_EXACT"", ""PUBLISHED_EXACT"", ""PUBLISHED_EXACT"", ""PUBLISHED_EXACT"", ""PUBLISHED_EXACT"", ""PUBLISHED_EXACT"", ""PUBLISHED_EXACT"", ""PUBLISHED_EXACT""]]","[""PASS"", ""PASS"", ""PASS""]","[3000, 3000, 3000]","[168, 159, 233]"
PG-R12,"[""B-R12-1"", ""B-R12-2"", ""C-R05""]","[""Build me one retail driver table by product for the latest month: EAD, Stage 2 EAD, Stage 3 EAD, ECL and coverage."", ""Give me a board-ready product risk table: EAD, Stage 2 and Stage 3 EAD, ECL and ECL/EAD for the latest month."", ""For each retail product in the latest month, give EAD, Stage 2 EAD, Stage 3 EAD, ECL and the ECL-to-EAD coverage ratio in one table.""]",INVARIANT,"[""retail""]","[""2026-08""]","[true, true, true]","[[""PUBLISHED_EXACT"", ""PUBLISHED_EXACT"", ""PUBLISHED_EXACT"", ""PUBLISHED_EXACT"", ""PUBLISHED_EXACT"", ""PUBLISHED_EXACT"", ""PUBLISHED_EXACT"", ""PUBLISHED_EXACT"", ""PUBLISHED_EXACT"", ""PUBLISHED_EXACT"", ""PUBLISHED_EXACT"", ""PUBLISHED_EXACT"", ""PUBLISHED_EXACT"", ""PUBLISHED_EXACT"", ""PUBLISHED_EXACT"", ""PUBLISHED_EXACT"", ""PUBLISHED_EXACT"", ""PUBLISHED_EXACT"", ""PUBLISHED_EXACT"", ""PUBLISHED_EXACT"", ""PUBLISHED_EXACT"", ""PUBLISHED_EXACT"", ""PUBLISHED_EXACT"", ""PUBLISHED_EXACT"", ""PUBLISHED_EXACT""], [""PUBLISHED_EXACT"", ""PUBLISHED_EXACT"", ""PUBLISHED_EXACT"", ""PUBLISHED_EXACT"", ""PUBLISHED_EXACT"", ""PUBLISHED_EXACT"", ""PUBLISHED_EXACT"", ""PUBLISHED_EXACT"", ""PUBLISHED_EXACT"", ""PUBLISHED_EXACT"", ""PUBLISHED_EXACT"", ""PUBLISHED_EXACT"", ""PUBLISHED_EXACT"", ""PUBLISHED_EXACT"", ""PUBLISHED_EXACT"", ""PUBLISHED_EXACT"", ""PUBLISHED_EXACT"", ""PUBLISHED_EXACT"", ""PUBLISHED_EXACT"", ""PUBLISHED_EXACT"", ""PUBLISHED_EXACT"", ""PUBLISHED_EXACT"", ""PUBLISHED_EXACT"", ""PUBLISHED_EXACT"", ""PUBLISHED_EXACT""], [""PUBLISHED_EXACT"", ""PUBLISHED_EXACT"", ""PUBLISHED_EXACT"", ""PUBLISHED_EXACT"", ""PUBLISHED_EXACT"", ""PUBLISHED_EXACT"", ""PUBLISHED_EXACT"", ""PUBLISHED_EXACT"", ""PUBLISHED_EXACT"", ""PUBLISHED_EXACT"", ""PUBLISHED_EXACT"", ""PUBLISHED_EXACT"", ""PUBLISHED_EXACT"", ""PUBLISHED_EXACT"", ""PUBLISHED_EXACT"", ""PUBLISHED_EXACT"", ""PUBLISHED_EXACT"", ""PUBLISHED_EXACT"", ""PUBLISHED_EXACT"", ""PUBLISHED_EXACT"", ""PUBLISHED_EXACT"", ""PUBLISHED_EXACT"", ""PUBLISHED_EXACT"", ""PUBLISHED_EXACT"", ""PUBLISHED_EXACT""]]","[""PASS"", ""PASS"", ""PASS""]","[3000, 3000, 3000]","[240, 216, 259]"
