thread,turns,passed_turns,continuity_rate_turns_2_5,domain_leaks,stale_context_turns,input_tokens_by_turn,history_tokens_by_turn,token_growth_per_turn,latency_ms_by_turn,results_by_turn
TD01,5,5,1.0,0,0,"[2400, 2400, 2400, 2400, 1200]","[0.0, 28.9, 39.6, 58.3, 18.0]","[0.0, 0.0, 0.0, -1200.0]","[142, 106, 157, 144, 240]","[""PASS"", ""PASS"", ""PASS"", ""PASS"", ""PASS""]"
TD02,5,5,1.0,0,0,"[1200, 1200, 2400, 2400, 1200]","[0.0, 8.0, 27.1, 34.7, 17.3]","[0.0, 1200.0, 0.0, -1200.0]","[38, 43, 123, 99, 128]","[""PASS"", ""PASS"", ""PASS"", ""PASS"", ""PASS""]"
TD03,5,5,1.0,0,0,"[2400, 2400, 2400, 2400, 2400]","[0.0, 28.4, 37.6, 46.0, 36.1]","[0.0, 0.0, 0.0, 0.0]","[155, 139, 118, 149, 223]","[""PASS"", ""PASS"", ""PASS"", ""PASS"", ""PASS""]"
TD04,5,5,1.0,0,0,"[2400, 2400, 2400, 2400, 2400]","[0.0, 18.5, 28.7, 38.6, 35.4]","[0.0, 0.0, 0.0, 0.0]","[93, 78, 88, 101, 141]","[""PASS"", ""PASS"", ""PASS"", ""PASS"", ""PASS""]"
TD05,5,5,1.0,0,0,"[2400, 0, 2400, 2400, 2400]","[0.0, 0.0, 20.2, 24.4, 34.5]","[-2400.0, 2400.0, 0.0, 0.0]","[151, ""UNKNOWN"", 122, 137, 207]","[""PASS"", ""PASS"", ""PASS"", ""PASS"", ""PASS""]"
TD06,5,5,1.0,0,0,"[2400, 1200, 2400, 2400, 1200]","[0.0, 7.6, 25.1, 43.5, 22.1]","[-1200.0, 1200.0, 0.0, -1200.0]","[95, 95, 217, 268, 103]","[""PASS"", ""PASS"", ""PASS"", ""PASS"", ""PASS""]"
TD07,5,5,1.0,0,0,"[2400, 2400, 2400, 2400, 2400]","[0.0, 29.5, 53.1, 73.9, 71.0]","[0.0, 0.0, 0.0, 0.0]","[167, 227, 93, 139, 147]","[""PASS"", ""PASS"", ""PASS"", ""PASS"", ""PASS""]"
TD08,5,5,1.0,0,0,"[2400, 2400, 2400, 2400, 2400]","[0.0, 20.2, 32.8, 42.4, 38.7]","[0.0, 0.0, 0.0, 0.0]","[101, 105, 156, 160, 90]","[""PASS"", ""PASS"", ""PASS"", ""PASS"", ""PASS""]"
TD09,5,5,1.0,0,0,"[2400, 0, 2400, 2400, 2400]","[0.0, 0.0, 27.9, 39.6, 18.2]","[-2400.0, 2400.0, 0.0, 0.0]","[129, ""UNKNOWN"", 171, 101, 88]","[""PASS"", ""PASS"", ""PASS"", ""PASS"", ""PASS""]"
TD10,5,5,1.0,0,0,"[2400, 2400, 2400, 2400, 2400]","[0.0, 15.9, 25.0, 34.4, 31.9]","[0.0, 0.0, 0.0, 0.0]","[146, 118, 71, 88, 188]","[""PASS"", ""PASS"", ""PASS"", ""PASS"", ""PASS""]"
