row_type,group,metric,n,mean,median,p50,p75,p90,p95,min,max,p99,sum
distribution,ALL,native_input_tokens,250,2208.0,2400.0,2400.0,2400.0,2400.0,2400.0,0.0,2400.0,2400.0,
distribution,ALL,native_output_tokens,250,552.0,600.0,600.0,600.0,600.0,600.0,0.0,600.0,600.0,
distribution,ALL,native_total_tokens,250,2760.0,3000.0,3000.0,3000.0,3000.0,3000.0,0.0,3000.0,3000.0,
distribution,ALL,model_calls,250,1.84,2.0,2.0,2.0,2.0,2.0,0.0,2.0,2.0,
distribution,ALL,estimated_system_tokens,250,1720.8028,1841.5,1841.5,1853.275,1858.53,1864.23,0.0,1874.3,1869.553,
distribution,ALL,estimated_tool_schema_tokens,250,380.9488,437.1,437.1,442.0,446.40999999999997,447.71000000000004,0.0,450.3,449.902,
distribution,ALL,estimated_history_tokens,250,5.4276,0.0,0.0,0.0,28.72,35.78499999999999,0.0,73.9,55.75199999999995,
distribution,ALL,estimated_tool_result_tokens,250,63.222,64.75,64.75,81.7,94.33999999999999,125.1,0.0,156.2,156.15099999999998,
distribution,ALL,static_context_tax,248,0.9549770161290323,0.95355,0.95355,0.9592,0.99535,0.996365,0.907,0.9974,0.9973529999999999,
distribution,ALL,history_tax,248,0.002402822580645161,0.0,0.0,0.0,0.012690000000000003,0.015454999999999983,0.0,0.0308,0.023266000000000002,
distribution,ALL,tool_result_tax,248,0.02655161290322581,0.027,0.027,0.034125,0.039360000000000006,0.0521,0.0,0.0651,0.065053,
distribution,ALL,repair_tokens,250,0.0,0.0,0.0,0.0,0.0,0.0,0.0,0.0,0.0,
distribution,ALL,finalization_tokens_after_correct_artifact,250,0.0,0.0,0.0,0.0,0.0,0.0,0.0,0.0,0.0,
distribution,A_BASELINE,native_input_tokens,50,2400.0,2400.0,2400.0,2400.0,2400.0,2400.0,2400.0,2400.0,n<100,
distribution,A_BASELINE,native_output_tokens,50,600.0,600.0,600.0,600.0,600.0,600.0,600.0,600.0,n<100,
distribution,A_BASELINE,native_total_tokens,50,3000.0,3000.0,3000.0,3000.0,3000.0,3000.0,3000.0,3000.0,n<100,
distribution,A_BASELINE,model_calls,50,2.0,2.0,2.0,2.0,2.0,2.0,2.0,2.0,n<100,
distribution,A_BASELINE,estimated_system_tokens,50,1851.5079999999998,1853.1,1853.1,1856.775,1858.53,1860.54,1808.3,1873.9,n<100,
distribution,A_BASELINE,estimated_tool_schema_tokens,50,442.2,443.15,443.15,446.55,447.62,448.51,422.9,449.8,n<100,
distribution,A_BASELINE,estimated_history_tokens,50,0.0,0.0,0.0,0.0,0.0,0.0,0.0,0.0,n<100,
distribution,A_BASELINE,estimated_tool_result_tokens,50,66.132,62.6,62.6,67.1,83.25,84.935,56.7,125.1,n<100,
distribution,A_BASELINE,static_context_tax,50,0.955716,0.95725,0.95725,0.9592,0.9602,0.960685,0.9297,0.9612,n<100,
distribution,A_BASELINE,history_tax,50,0.0,0.0,0.0,0.0,0.0,0.0,0.0,0.0,n<100,
distribution,A_BASELINE,tool_result_tax,50,0.027548,0.02605,0.02605,0.02795,0.03472,0.035385,0.0236,0.0521,n<100,
distribution,A_BASELINE,repair_tokens,50,0.0,0.0,0.0,0.0,0.0,0.0,0.0,0.0,n<100,
distribution,A_BASELINE,finalization_tokens_after_correct_artifact,50,0.0,0.0,0.0,0.0,0.0,0.0,0.0,0.0,n<100,
distribution,B_PARAPHRASE,native_input_tokens,50,2400.0,2400.0,2400.0,2400.0,2400.0,2400.0,2400.0,2400.0,n<100,
distribution,B_PARAPHRASE,native_output_tokens,50,600.0,600.0,600.0,600.0,600.0,600.0,600.0,600.0,n<100,
distribution,B_PARAPHRASE,native_total_tokens,50,3000.0,3000.0,3000.0,3000.0,3000.0,3000.0,3000.0,3000.0,n<100,
distribution,B_PARAPHRASE,model_calls,50,2.0,2.0,2.0,2.0,2.0,2.0,2.0,2.0,n<100,
distribution,B_PARAPHRASE,estimated_system_tokens,50,1844.41,1850.0,1850.0,1857.475,1861.25,1865.435,1776.9,1874.3,n<100,
distribution,B_PARAPHRASE,estimated_tool_schema_tokens,50,436.86800000000005,440.54999999999995,440.54999999999995,444.15,447.96,448.71000000000004,405.7,450.3,n<100,
distribution,B_PARAPHRASE,estimated_history_tokens,50,0.0,0.0,0.0,0.0,0.0,0.0,0.0,0.0,n<100,
distribution,B_PARAPHRASE,estimated_tool_result_tokens,50,76.25399999999999,66.69999999999999,66.69999999999999,83.925,124.9,125.2,56.8,156.2,n<100,
distribution,B_PARAPHRASE,static_context_tax,50,0.950526,0.95435,0.95435,0.958325,0.96151,0.961755,0.9094,0.9625,n<100,
distribution,B_PARAPHRASE,history_tax,50,0.0,0.0,0.0,0.0,0.0,0.0,0.0,0.0,n<100,
distribution,B_PARAPHRASE,tool_result_tax,50,0.031774,0.027749999999999997,0.027749999999999997,0.034975000000000006,0.052,0.0522,0.0237,0.0651,n<100,
distribution,B_PARAPHRASE,repair_tokens,50,0.0,0.0,0.0,0.0,0.0,0.0,0.0,0.0,n<100,
distribution,B_PARAPHRASE,finalization_tokens_after_correct_artifact,50,0.0,0.0,0.0,0.0,0.0,0.0,0.0,0.0,n<100,
distribution,C_COMPLEX,native_input_tokens,40,2400.0,2400.0,2400.0,2400.0,2400.0,2400.0,2400.0,2400.0,n<100,
distribution,C_COMPLEX,native_output_tokens,40,600.0,600.0,600.0,600.0,600.0,600.0,600.0,600.0,n<100,
distribution,C_COMPLEX,native_total_tokens,40,3000.0,3000.0,3000.0,3000.0,3000.0,3000.0,3000.0,3000.0,n<100,
distribution,C_COMPLEX,model_calls,40,2.0,2.0,2.0,2.0,2.0,2.0,2.0,2.0,n<100,
distribution,C_COMPLEX,estimated_system_tokens,40,1834.6125,1838.15,1838.15,1846.325,1863.69,1865.8999999999999,1772.7,1869.7,n<100,
distribution,C_COMPLEX,estimated_tool_schema_tokens,40,426.2125,428.0,428.0,431.70000000000005,437.8,439.4,404.0,441.3,n<100,
distribution,C_COMPLEX,estimated_history_tokens,40,0.0,0.0,0.0,0.0,0.0,0.0,0.0,0.0,n<100,
distribution,C_COMPLEX,estimated_tool_result_tokens,40,85.11,82.69999999999999,82.69999999999999,92.5,117.45,128.2599999999999,59.4,156.2,n<100,
distribution,C_COMPLEX,static_context_tax,40,0.9420125,0.94245,0.94245,0.9515,0.9540099999999999,0.954435,0.907,0.9562,n<100,
distribution,C_COMPLEX,history_tax,40,0.0,0.0,0.0,0.0,0.0,0.0,0.0,0.0,n<100,
distribution,C_COMPLEX,tool_result_tax,40,0.035460000000000005,0.03445,0.03445,0.03855,0.04895,0.053409999999999964,0.0247,0.0651,n<100,
distribution,C_COMPLEX,repair_tokens,40,0.0,0.0,0.0,0.0,0.0,0.0,0.0,0.0,n<100,
distribution,C_COMPLEX,finalization_tokens_after_correct_artifact,40,0.0,0.0,0.0,0.0,0.0,0.0,0.0,0.0,n<100,
distribution,D_THREAD,native_input_tokens,50,2160.0,2400.0,2400.0,2400.0,2400.0,2400.0,0.0,2400.0,n<100,
distribution,D_THREAD,native_output_tokens,50,540.0,600.0,600.0,600.0,600.0,600.0,0.0,600.0,n<100,
distribution,D_THREAD,native_total_tokens,50,2700.0,3000.0,3000.0,3000.0,3000.0,3000.0,0.0,3000.0,n<100,
distribution,D_THREAD,model_calls,50,1.8,2.0,2.0,2.0,2.0,2.0,0.0,2.0,n<100,
distribution,D_THREAD,estimated_system_tokens,50,1669.0220000000002,1827.3000000000002,1827.3000000000002,1841.3,1849.47,1853.375,0.0,1857.4,n<100,
distribution,D_THREAD,estimated_tool_schema_tokens,50,375.42400000000004,437.25,437.25,440.0,442.0,442.585,0.0,450.0,n<100,
distribution,D_THREAD,estimated_history_tokens,50,24.662,26.1,26.1,35.925,43.75,55.95999999999999,0.0,73.9,n<100,
distribution,D_THREAD,estimated_tool_result_tokens,50,58.364,59.7,59.7,71.825,82.89,98.29999999999995,0.0,129.3,n<100,
distribution,D_THREAD,static_context_tax,48,0.94899375,0.94865,0.94865,0.953175,0.97917,0.98684,0.91,0.9962,n<100,
distribution,D_THREAD,history_tax,48,0.011339583333333333,0.012,0.012,0.015799999999999998,0.018640000000000004,0.023529999999999995,0.0,0.0308,n<100,
distribution,D_THREAD,tool_result_tax,48,0.025329166666666666,0.0253,0.0253,0.030375,0.034620000000000005,0.04153499999999999,0.0,0.0539,n<100,
distribution,D_THREAD,repair_tokens,50,0.0,0.0,0.0,0.0,0.0,0.0,0.0,0.0,n<100,
distribution,D_THREAD,finalization_tokens_after_correct_artifact,50,0.0,0.0,0.0,0.0,0.0,0.0,0.0,0.0,n<100,
distribution,E_CLARIFICATION,native_input_tokens,20,1680.0,1200.0,1200.0,2400.0,2400.0,2400.0,1200.0,2400.0,n<100,
distribution,E_CLARIFICATION,native_output_tokens,20,420.0,300.0,300.0,600.0,600.0,600.0,300.0,600.0,n<100,
distribution,E_CLARIFICATION,native_total_tokens,20,2100.0,1500.0,1500.0,3000.0,3000.0,3000.0,1500.0,3000.0,n<100,
distribution,E_CLARIFICATION,model_calls,20,1.4,1.0,1.0,2.0,2.0,2.0,1.0,2.0,n<100,
distribution,E_CLARIFICATION,estimated_system_tokens,20,1408.4299999999998,1135.0,1135.0,1831.05,1849.6200000000001,1860.7649999999999,1078.1,1863.9,n<100,
distribution,E_CLARIFICATION,estimated_tool_schema_tokens,20,221.705,118.8,118.8,438.875,440.3,442.19,60.3,443.9,n<100,
distribution,E_CLARIFICATION,estimated_history_tokens,20,6.1899999999999995,0.0,0.0,0.0,30.919999999999998,31.12,0.0,31.5,n<100,
distribution,E_CLARIFICATION,estimated_tool_result_tokens,20,25.185,0.0,0.0,59.3,65.35,66.115,0.0,72.1,n<100,
distribution,E_CLARIFICATION,static_context_tax,20,0.97821,0.9962,0.9962,0.9967,0.9974,0.9974,0.9392,0.9974,n<100,
distribution,E_CLARIFICATION,history_tax,20,0.00258,0.0,0.0,0.0,0.01291,0.013005,0.0,0.0131,n<100,
distribution,E_CLARIFICATION,tool_result_tax,20,0.010485,0.0,0.0,0.024725,0.027219999999999998,0.027530000000000002,0.0,0.03,n<100,
distribution,E_CLARIFICATION,repair_tokens,20,0.0,0.0,0.0,0.0,0.0,0.0,0.0,0.0,n<100,
distribution,E_CLARIFICATION,finalization_tokens_after_correct_artifact,20,0.0,0.0,0.0,0.0,0.0,0.0,0.0,0.0,n<100,
distribution,F_GOVERNANCE,native_input_tokens,20,1320.0,1200.0,1200.0,1200.0,1320.0000000000018,2400.0,1200.0,2400.0,n<100,
distribution,F_GOVERNANCE,native_output_tokens,20,330.0,300.0,300.0,300.0,330.00000000000045,600.0,300.0,600.0,n<100,
distribution,F_GOVERNANCE,native_total_tokens,20,1650.0,1500.0,1500.0,1500.0,1650.000000000002,3000.0,1500.0,3000.0,n<100,
distribution,F_GOVERNANCE,model_calls,20,1.1,1.0,1.0,1.0,1.1000000000000014,2.0,1.0,2.0,n<100,
distribution,F_GOVERNANCE,estimated_system_tokens,20,1186.17,1119.9,1119.9,1121.025,1206.160000000001,1856.245,1055.0,1868.5,n<100,
distribution,F_GOVERNANCE,estimated_tool_schema_tokens,20,119.52000000000001,74.7,74.7,117.025,170.7100000000004,432.54,61.0,446.6,n<100,
distribution,F_GOVERNANCE,estimated_history_tokens,20,0.0,0.0,0.0,0.0,0.0,0.0,0.0,0.0,n<100,
distribution,F_GOVERNANCE,estimated_tool_result_tokens,20,5.859999999999999,0.0,0.0,0.0,5.8400000000000825,58.42,0.0,58.8,n<100,
distribution,F_GOVERNANCE,static_context_tax,20,0.99218,0.9958,0.9958,0.9963249999999999,0.99702,0.997205,0.9585,0.9973,n<100,
distribution,F_GOVERNANCE,history_tax,20,0.0,0.0,0.0,0.0,0.0,0.0,0.0,0.0,n<100,
distribution,F_GOVERNANCE,tool_result_tax,20,0.00244,0.0,0.0,0.0,0.0024300000000000346,0.02431,0.0,0.0245,n<100,
distribution,F_GOVERNANCE,repair_tokens,20,0.0,0.0,0.0,0.0,0.0,0.0,0.0,0.0,n<100,
distribution,F_GOVERNANCE,finalization_tokens_after_correct_artifact,20,0.0,0.0,0.0,0.0,0.0,0.0,0.0,0.0,n<100,
distribution,G_REPEAT,native_input_tokens,20,2400.0,2400.0,2400.0,2400.0,2400.0,2400.0,2400.0,2400.0,n<100,
distribution,G_REPEAT,native_output_tokens,20,600.0,600.0,600.0,600.0,600.0,600.0,600.0,600.0,n<100,
distribution,G_REPEAT,native_total_tokens,20,3000.0,3000.0,3000.0,3000.0,3000.0,3000.0,3000.0,3000.0,n<100,
distribution,G_REPEAT,model_calls,20,2.0,2.0,2.0,2.0,2.0,2.0,2.0,2.0,n<100,
distribution,G_REPEAT,estimated_system_tokens,20,1833.86,1843.65,1843.65,1850.2,1855.99,1869.4,1777.2,1869.4,n<100,
distribution,G_REPEAT,estimated_tool_schema_tokens,20,431.98,434.4,434.4,441.6,443.08,444.705,405.8,444.8,n<100,
distribution,G_REPEAT,estimated_history_tokens,20,0.0,0.0,0.0,0.0,0.0,0.0,0.0,0.0,n<100,
distribution,G_REPEAT,estimated_tool_result_tokens,20,87.135,75.75,75.75,97.2,128.20000000000005,156.105,59.9,156.2,n<100,
distribution,G_REPEAT,static_context_tax,20,0.94411,0.9513,0.9513,0.9562,0.95731,0.9574,0.9096,0.9574,n<100,
distribution,G_REPEAT,history_tax,20,0.0,0.0,0.0,0.0,0.0,0.0,0.0,0.0,n<100,
distribution,G_REPEAT,tool_result_tax,20,0.0363,0.03155,0.03155,0.0405,0.05339000000000002,0.06500500000000001,0.025,0.0651,n<100,
distribution,G_REPEAT,repair_tokens,20,0.0,0.0,0.0,0.0,0.0,0.0,0.0,0.0,n<100,
distribution,G_REPEAT,finalization_tokens_after_correct_artifact,20,0.0,0.0,0.0,0.0,0.0,0.0,0.0,0.0,n<100,
by_question_type,analytical,native_total_tokens,20,3000.0,3000.0,3000.0,3000.0,3000.0,3000.0,3000.0,3000.0,n<100,60000.0
by_question_type,clarification,native_total_tokens,20,2100.0,1500.0,1500.0,3000.0,3000.0,3000.0,1500.0,3000.0,n<100,42000.0
by_question_type,comparison,native_total_tokens,16,3000.0,3000.0,3000.0,3000.0,3000.0,3000.0,3000.0,3000.0,n<100,48000.0
by_question_type,domain:corporate,native_total_tokens,133,2729.3233082706765,3000.0,3000.0,3000.0,3000.0,3000.0,1500.0,3000.0,3000.0,363000.0
by_question_type,domain:retail,native_total_tokens,117,2794.871794871795,3000.0,3000.0,3000.0,3000.0,3000.0,0.0,3000.0,3000.0,327000.0
by_question_type,guardrail,native_total_tokens,20,1650.0,1500.0,1500.0,1500.0,1650.000000000002,3000.0,1500.0,3000.0,n<100,33000.0
by_question_type,multi-turn,native_total_tokens,50,2700.0,3000.0,3000.0,3000.0,3000.0,3000.0,0.0,3000.0,n<100,135000.0
by_question_type,paraphrase,native_total_tokens,50,3000.0,3000.0,3000.0,3000.0,3000.0,3000.0,3000.0,3000.0,n<100,150000.0
by_question_type,ranking,native_total_tokens,10,3000.0,3000.0,3000.0,3000.0,3000.0,3000.0,3000.0,3000.0,n<100,30000.0
by_question_type,simple factual,native_total_tokens,64,3000.0,3000.0,3000.0,3000.0,3000.0,3000.0,3000.0,3000.0,n<100,192000.0
component_share_ESTIMATED,ALL,system_instruction,,0.3555,,,,,,,,,196217.2
component_share_ESTIMATED,ALL,system_static_knowledge,,0.2576,,,,,,,,,142198.6
component_share_ESTIMATED,ALL,tool_schema,,0.1725,,,,,,,,,95237.2
component_share_ESTIMATED,ALL,system_volatile,,0.0858,,,,,,,,,47369.7
component_share_ESTIMATED,ALL,system_other,,0.0805,,,,,,,,,44415.2
component_share_ESTIMATED,ALL,in_run_tool_results_current,,0.0286,,,,,,,,,15805.5
component_share_ESTIMATED,ALL,in_run_assistant,,0.0127,,,,,,,,,7033.5
component_share_ESTIMATED,ALL,current_question,,0.0027,,,,,,,,,1476.8
component_share_ESTIMATED,ALL,instruction_tail,,0.0016,,,,,,,,,887.5
component_share_ESTIMATED,ALL,history_other,,0.0011,,,,,,,,,609.4
component_share_ESTIMATED,ALL,history_assistant,,0.001,,,,,,,,,569.5
component_share_ESTIMATED,ALL,history_user,,0.0003,,,,,,,,,178.0
component_share_ESTIMATED,ALL,history_summary,,0.0,,,,,,,,,0.0
component_share_ESTIMATED,ALL,investigation_context,,0.0,,,,,,,,,0.0
component_share_ESTIMATED,ALL,first_message_other,,0.0,,,,,,,,,0.0
component_share_ESTIMATED,ALL,in_run_tool_results_replayed,,0.0,,,,,,,,,0.0
component_share_ESTIMATED,ALL,in_run_instructions,,0.0,,,,,,,,,0.0
