group,metric,n,mean,median,p50,p75,p90,p95,min,max,p99
ALL,e2e_processing_ms,248,183.28629032258064,158.0,158.0,212.25,322.6,376.2499999999999,35.0,667.0,461.18
ALL,e2e_wall_ms,250,327.124,261.0,261.0,461.0,482.1,492.0,5.0,916.0,697.04
ALL,queue_wait_ms,248,26.012096774193548,26.0,26.0,37.0,47.30000000000001,49.0,3.0,53.0,52.0
ALL,provider_ms,250,7.86,8.0,8.0,9.0,10.0,10.549999999999983,0.0,20.0,12.509999999999991
ALL,token_count_call_ms,250,0.008,0.0,0.0,0.0,0.0,0.0,0.0,2.0,0.0
ALL,local_ms,248,149.34274193548387,120.5,120.5,181.25,293.90000000000003,334.94999999999993,24.0,654.0,416.59000000000003
ALL,catalog_ms,250,0.0,0.0,0.0,0.0,0.0,0.0,0.0,0.0,0.0
ALL,product_knowledge_ms,250,0.0,0.0,0.0,0.0,0.0,0.0,0.0,0.0,0.0
ALL,analysis_validation_ms,250,4.156,4.0,4.0,6.0,6.0,7.0,0.0,10.0,9.0
ALL,execution_ms,250,8.716,9.0,9.0,11.0,14.0,16.0,0.0,59.0,21.549999999999955
ALL,artifact_read_ms,250,0.0,0.0,0.0,0.0,0.0,0.0,0.0,0.0,0.0
ALL,finalization_ms,250,2.704,3.0,3.0,3.0,4.0,5.0,0.0,23.0,10.059999999999945
ALL,repair_ms,250,0.0,0.0,0.0,0.0,0.0,0.0,0.0,0.0,0.0
ALL,time_to_first_successful_execute_ms,212,172.32075471698113,142.0,142.0,203.25,302.8,358.0,42.0,648.0,442.78999999999985
ALL,success_to_final_ms,212,20.160377358490567,19.0,19.0,22.0,24.0,27.0,14.0,58.0,34.77999999999997
ALL,provider_retry_ms,250,0.0,0.0,0.0,0.0,0.0,0.0,0.0,0.0,0.0
A_BASELINE,e2e_processing_ms,50,159.46,150.0,150.0,196.0,212.4,232.34999999999997,93.0,291.0,n<100
A_BASELINE,e2e_wall_ms,50,292.96,260.0,260.0,262.75,460.1,462.65,258.0,477.0,n<100
A_BASELINE,queue_wait_ms,50,24.28,23.0,23.0,36.75,45.2,49.0,3.0,52.0,n<100
A_BASELINE,provider_ms,50,8.42,8.0,8.0,9.0,10.0,10.0,7.0,11.0,n<100
A_BASELINE,token_count_call_ms,50,0.0,0.0,0.0,0.0,0.0,0.0,0.0,0.0,n<100
A_BASELINE,local_ms,50,126.76,118.0,118.0,148.75,181.1,206.9999999999999,66.0,269.0,n<100
A_BASELINE,catalog_ms,50,0.0,0.0,0.0,0.0,0.0,0.0,0.0,0.0,n<100
A_BASELINE,product_knowledge_ms,50,0.0,0.0,0.0,0.0,0.0,0.0,0.0,0.0,n<100
A_BASELINE,analysis_validation_ms,50,4.28,4.0,4.0,5.0,6.0,6.549999999999997,3.0,9.0,n<100
A_BASELINE,execution_ms,50,8.48,8.0,8.0,10.0,11.100000000000001,12.549999999999997,6.0,15.0,n<100
A_BASELINE,artifact_read_ms,50,0.0,0.0,0.0,0.0,0.0,0.0,0.0,0.0,n<100
A_BASELINE,finalization_ms,50,2.44,3.0,3.0,3.0,3.0,3.549999999999997,0.0,4.0,n<100
A_BASELINE,repair_ms,50,0.0,0.0,0.0,0.0,0.0,0.0,0.0,0.0,n<100
A_BASELINE,time_to_first_successful_execute_ms,50,139.54,131.0,131.0,177.0,194.0,210.69999999999996,75.0,273.0,n<100
A_BASELINE,success_to_final_ms,50,19.38,19.0,19.0,19.0,23.0,23.0,14.0,55.0,n<100
A_BASELINE,provider_retry_ms,50,0.0,0.0,0.0,0.0,0.0,0.0,0.0,0.0,n<100
B_PARAPHRASE,e2e_processing_ms,50,207.64,182.0,182.0,278.75,324.2,346.59999999999997,100.0,434.0,n<100
B_PARAPHRASE,e2e_wall_ms,50,347.5,261.0,261.0,476.75,486.0,495.79999999999995,259.0,695.0,n<100
B_PARAPHRASE,queue_wait_ms,50,26.26,26.0,26.0,38.5,49.0,49.55,3.0,52.0,n<100
B_PARAPHRASE,provider_ms,50,8.54,8.0,8.0,9.0,10.100000000000001,12.0,7.0,13.0,n<100
B_PARAPHRASE,token_count_call_ms,50,0.0,0.0,0.0,0.0,0.0,0.0,0.0,0.0,n<100
B_PARAPHRASE,local_ms,50,172.84,142.5,142.5,237.0,296.2,329.29999999999995,78.0,392.0,n<100
B_PARAPHRASE,catalog_ms,50,0.0,0.0,0.0,0.0,0.0,0.0,0.0,0.0,n<100
B_PARAPHRASE,product_knowledge_ms,50,0.0,0.0,0.0,0.0,0.0,0.0,0.0,0.0,n<100
B_PARAPHRASE,analysis_validation_ms,50,4.9,5.0,5.0,5.75,6.0,6.0,3.0,9.0,n<100
B_PARAPHRASE,execution_ms,50,10.24,9.0,9.0,10.75,13.0,13.549999999999997,6.0,59.0,n<100
B_PARAPHRASE,artifact_read_ms,50,0.0,0.0,0.0,0.0,0.0,0.0,0.0,0.0,n<100
B_PARAPHRASE,finalization_ms,50,3.2,3.0,3.0,3.0,6.0,6.0,1.0,13.0,n<100
B_PARAPHRASE,repair_ms,50,0.0,0.0,0.0,0.0,0.0,0.0,0.0,0.0,n<100
B_PARAPHRASE,time_to_first_successful_execute_ms,50,187.16,159.0,159.0,261.0,293.1,320.1,84.0,401.0,n<100
B_PARAPHRASE,success_to_final_ms,50,20.04,19.0,19.0,22.5,24.200000000000003,28.749999999999986,15.0,33.0,n<100
B_PARAPHRASE,provider_retry_ms,50,0.0,0.0,0.0,0.0,0.0,0.0,0.0,0.0,n<100
C_COMPLEX,e2e_processing_ms,40,285.875,257.0,257.0,347.5,431.90000000000003,470.19999999999965,115.0,667.0,n<100
C_COMPLEX,e2e_wall_ms,40,448.0,463.5,463.5,484.0,683.8,701.2999999999998,259.0,916.0,n<100
C_COMPLEX,queue_wait_ms,40,25.975,23.0,23.0,38.5,46.2,49.14999999999999,3.0,52.0,n<100
C_COMPLEX,provider_ms,40,9.4,9.0,9.0,10.0,10.100000000000001,11.049999999999997,7.0,20.0,n<100
C_COMPLEX,token_count_call_ms,40,0.05,0.0,0.0,0.0,0.0,0.0,0.0,2.0,n<100
C_COMPLEX,local_ms,40,250.45,223.5,223.5,310.5,393.40000000000003,423.79999999999967,88.0,654.0,n<100
C_COMPLEX,catalog_ms,40,0.0,0.0,0.0,0.0,0.0,0.0,0.0,0.0,n<100
C_COMPLEX,product_knowledge_ms,40,0.0,0.0,0.0,0.0,0.0,0.0,0.0,0.0,n<100
C_COMPLEX,analysis_validation_ms,40,5.9,6.0,6.0,6.0,7.0,8.0,4.0,10.0,n<100
C_COMPLEX,execution_ms,40,13.175,13.0,13.0,15.25,16.1,19.0,8.0,19.0,n<100
C_COMPLEX,artifact_read_ms,40,0.0,0.0,0.0,0.0,0.0,0.0,0.0,0.0,n<100
C_COMPLEX,finalization_ms,40,3.675,3.0,3.0,4.0,5.0,6.0,1.0,23.0,n<100
C_COMPLEX,repair_ms,40,0.0,0.0,0.0,0.0,0.0,0.0,0.0,0.0,n<100
C_COMPLEX,time_to_first_successful_execute_ms,40,263.225,239.5,239.5,320.0,405.1,450.04999999999967,98.0,648.0,n<100
C_COMPLEX,success_to_final_ms,40,22.3,20.5,20.5,23.0,27.200000000000003,29.299999999999983,15.0,58.0,n<100
C_COMPLEX,provider_retry_ms,40,0.0,0.0,0.0,0.0,0.0,0.0,0.0,0.0,n<100
D_THREAD,e2e_processing_ms,48,125.97916666666667,119.5,119.5,144.0,173.3,183.14999999999998,58.0,241.0,n<100
D_THREAD,e2e_wall_ms,50,258.84,260.0,260.0,261.0,265.1,270.4,5.0,464.0,n<100
D_THREAD,queue_wait_ms,48,26.208333333333332,27.0,27.0,37.0,47.60000000000001,49.0,3.0,53.0,n<100
D_THREAD,provider_ms,50,7.58,8.0,8.0,9.0,10.0,10.0,0.0,12.0,n<100
D_THREAD,token_count_call_ms,50,0.0,0.0,0.0,0.0,0.0,0.0,0.0,0.0,n<100
D_THREAD,local_ms,48,91.875,86.0,86.0,112.0,134.3,151.89999999999998,31.0,185.0,n<100
D_THREAD,catalog_ms,50,0.0,0.0,0.0,0.0,0.0,0.0,0.0,0.0,n<100
D_THREAD,product_knowledge_ms,50,0.0,0.0,0.0,0.0,0.0,0.0,0.0,0.0,n<100
D_THREAD,analysis_validation_ms,50,3.8,4.0,4.0,5.0,6.0,6.549999999999997,0.0,9.0,n<100
D_THREAD,execution_ms,50,8.44,9.0,9.0,10.0,12.100000000000001,13.549999999999997,0.0,29.0,n<100
D_THREAD,artifact_read_ms,50,0.0,0.0,0.0,0.0,0.0,0.0,0.0,0.0,n<100
D_THREAD,finalization_ms,50,2.22,2.0,2.0,3.0,3.1000000000000014,4.0,0.0,6.0,n<100
D_THREAD,repair_ms,50,0.0,0.0,0.0,0.0,0.0,0.0,0.0,0.0,n<100
D_THREAD,time_to_first_successful_execute_ms,42,107.95238095238095,101.0,101.0,124.0,151.0,164.34999999999994,42.0,219.0,n<100
D_THREAD,success_to_final_ms,42,19.0,19.0,19.0,21.0,22.0,23.89999999999999,15.0,26.0,n<100
D_THREAD,provider_retry_ms,50,0.0,0.0,0.0,0.0,0.0,0.0,0.0,0.0,n<100
E_CLARIFICATION,e2e_processing_ms,20,87.3,85.0,85.0,108.25,128.5,136.00000000000006,35.0,193.0,n<100
E_CLARIFICATION,e2e_wall_ms,20,259.95,260.0,260.0,260.0,261.0,261.1,259.0,263.0,n<100
E_CLARIFICATION,queue_wait_ms,20,24.65,26.5,26.5,35.0,38.300000000000004,41.25,3.0,46.0,n<100
E_CLARIFICATION,provider_ms,20,5.25,5.0,5.0,7.25,8.100000000000001,9.0,3.0,9.0,n<100
E_CLARIFICATION,token_count_call_ms,20,0.0,0.0,0.0,0.0,0.0,0.0,0.0,0.0,n<100
E_CLARIFICATION,local_ms,20,57.4,47.0,47.0,72.0,93.30000000000001,107.65000000000003,24.0,158.0,n<100
E_CLARIFICATION,catalog_ms,20,0.0,0.0,0.0,0.0,0.0,0.0,0.0,0.0,n<100
E_CLARIFICATION,product_knowledge_ms,20,0.0,0.0,0.0,0.0,0.0,0.0,0.0,0.0,n<100
E_CLARIFICATION,analysis_validation_ms,20,1.9,0.0,0.0,4.25,5.0,5.050000000000001,0.0,6.0,n<100
E_CLARIFICATION,execution_ms,20,3.6,0.0,0.0,8.25,9.100000000000001,10.150000000000002,0.0,13.0,n<100
E_CLARIFICATION,artifact_read_ms,20,0.0,0.0,0.0,0.0,0.0,0.0,0.0,0.0,n<100
E_CLARIFICATION,finalization_ms,20,2.15,2.0,2.0,3.0,3.0,3.0500000000000007,1.0,4.0,n<100
E_CLARIFICATION,repair_ms,20,0.0,0.0,0.0,0.0,0.0,0.0,0.0,0.0,n<100
E_CLARIFICATION,time_to_first_successful_execute_ms,8,98.125,93.0,93.0,108.0,132.29999999999998,153.64999999999998,62.0,175.0,n<100
E_CLARIFICATION,success_to_final_ms,8,17.625,18.0,18.0,19.0,19.3,19.65,14.0,20.0,n<100
E_CLARIFICATION,provider_retry_ms,20,0.0,0.0,0.0,0.0,0.0,0.0,0.0,0.0,n<100
F_GOVERNANCE,e2e_processing_ms,20,170.45,163.0,163.0,206.5,268.5,285.80000000000007,90.0,358.0,n<100
F_GOVERNANCE,e2e_wall_ms,20,324.5,261.0,261.0,461.0,478.4,482.5,259.0,492.0,n<100
F_GOVERNANCE,queue_wait_ms,20,28.25,29.0,29.0,36.75,44.60000000000001,50.150000000000006,3.0,53.0,n<100
F_GOVERNANCE,provider_ms,20,4.0,3.0,3.0,5.0,5.300000000000004,8.0,3.0,8.0,n<100
F_GOVERNANCE,token_count_call_ms,20,0.0,0.0,0.0,0.0,0.0,0.0,0.0,0.0,n<100
F_GOVERNANCE,local_ms,20,138.2,125.0,125.0,182.25,221.70000000000007,267.30000000000007,55.0,330.0,n<100
F_GOVERNANCE,catalog_ms,20,0.0,0.0,0.0,0.0,0.0,0.0,0.0,0.0,n<100
F_GOVERNANCE,product_knowledge_ms,20,0.0,0.0,0.0,0.0,0.0,0.0,0.0,0.0,n<100
F_GOVERNANCE,analysis_validation_ms,20,0.3,0.0,0.0,0.0,0.30000000000000426,3.0,0.0,3.0,n<100
F_GOVERNANCE,execution_ms,20,0.6,0.0,0.0,0.0,0.6000000000000085,6.0,0.0,6.0,n<100
F_GOVERNANCE,artifact_read_ms,20,0.0,0.0,0.0,0.0,0.0,0.0,0.0,0.0,n<100
F_GOVERNANCE,finalization_ms,20,1.45,1.0,1.0,2.0,2.1000000000000014,3.0,0.0,3.0,n<100
F_GOVERNANCE,repair_ms,20,0.0,0.0,0.0,0.0,0.0,0.0,0.0,0.0,n<100
F_GOVERNANCE,time_to_first_successful_execute_ms,2,164.5,164.5,164.5,165.75,166.5,166.75,162.0,167.0,n<100
F_GOVERNANCE,success_to_final_ms,2,19.0,19.0,19.0,19.5,19.8,19.9,18.0,20.0,n<100
F_GOVERNANCE,provider_retry_ms,20,0.0,0.0,0.0,0.0,0.0,0.0,0.0,0.0,n<100
G_REPEAT,e2e_processing_ms,20,223.15,179.5,179.5,292.5,381.2,385.85,87.0,440.0,n<100
G_REPEAT,e2e_wall_ms,20,360.35,264.0,264.0,482.25,492.1,502.65000000000015,260.0,686.0,n<100
G_REPEAT,queue_wait_ms,20,28.45,27.0,27.0,41.25,49.0,49.05,5.0,50.0,n<100
G_REPEAT,provider_ms,20,8.85,8.5,8.5,9.25,10.0,10.100000000000001,8.0,12.0,n<100
G_REPEAT,token_count_call_ms,20,0.0,0.0,0.0,0.0,0.0,0.0,0.0,0.0,n<100
G_REPEAT,local_ms,20,185.85,139.5,139.5,246.0,352.0,363.3,74.0,407.0,n<100
G_REPEAT,catalog_ms,20,0.0,0.0,0.0,0.0,0.0,0.0,0.0,0.0,n<100
G_REPEAT,product_knowledge_ms,20,0.0,0.0,0.0,0.0,0.0,0.0,0.0,0.0,n<100
G_REPEAT,analysis_validation_ms,20,5.5,5.0,5.0,6.0,7.100000000000001,8.05,3.0,9.0,n<100
G_REPEAT,execution_ms,20,10.5,9.0,9.0,13.0,14.0,14.200000000000003,7.0,18.0,n<100
G_REPEAT,artifact_read_ms,20,0.0,0.0,0.0,0.0,0.0,0.0,0.0,0.0,n<100
G_REPEAT,finalization_ms,20,3.2,3.0,3.0,3.25,4.200000000000003,6.050000000000001,1.0,7.0,n<100
G_REPEAT,repair_ms,20,0.0,0.0,0.0,0.0,0.0,0.0,0.0,0.0,n<100
G_REPEAT,time_to_first_successful_execute_ms,20,201.0,160.0,160.0,271.25,358.0,360.40000000000003,69.0,406.0,n<100
G_REPEAT,success_to_final_ms,20,21.7,21.0,21.0,23.0,26.1,27.300000000000004,16.0,33.0,n<100
G_REPEAT,provider_retry_ms,20,0.0,0.0,0.0,0.0,0.0,0.0,0.0,0.0,n<100
