id,module,route,ui_state,control_or_function,prerequisites,journey,test_id,environment,action,expected_effect,evidence,observed,status,defect
RUI-001,"Good afternoon, Mr. Sajid",/,empty,"19 buttons, 1 inputs, 0 selects, 5 tabs, 0 tables",signed in as retail.demo,navigation -> module; exercised by cockpit_chat; exercised by cockpit_journeys; exercised by navigation; exercised by retail_only,inventory,Chromium 1440x900 against the launcher's build,open the module and read every visible control,the module renders its controls,docs/evidence/retail_functionality/screens/route-.png,"heading 'Good afternoon, Mr. Sajid'; 19 buttons, 1 inputs, 0 selects, 5 tabs, 0 tables",PASS,
RUI-002,My workspace,/workspace,populated,"7 buttons, 0 inputs, 0 selects, 0 tabs, 0 tables",signed in as retail.demo,navigation -> module; exercised by retail_only,inventory,Chromium 1440x900 against the launcher's build,open the module and read every visible control,the module renders its controls,docs/evidence/retail_functionality/screens/route-workspace.png,"heading 'My workspace'; 7 buttons, 0 inputs, 0 selects, 0 tabs, 0 tables",PASS,
RUI-003,Messages,/messages,populated,"13 buttons, 2 inputs, 0 selects, 0 tabs, 0 tables",signed in as retail.demo,navigation -> module; exercised by retail_only,inventory,Chromium 1440x900 against the launcher's build,open the module and read every visible control,the module renders its controls,docs/evidence/retail_functionality/screens/route-messages.png,"heading 'Messages'; 13 buttons, 2 inputs, 0 selects, 0 tabs, 0 tables",PASS,
RUI-004,Projects,/projects,empty,"9 buttons, 0 inputs, 0 selects, 0 tabs, 0 tables",signed in as retail.demo,navigation -> module; exercised by retail_only,inventory,Chromium 1440x900 against the launcher's build,open the module and read every visible control,the module renders its controls,docs/evidence/retail_functionality/screens/route-projects.png,"heading 'Projects'; 9 buttons, 0 inputs, 0 selects, 0 tabs, 0 tables",PASS,
RUI-005,Project Planner,/delivery,populated,"7 buttons, 1 inputs, 2 selects, 0 tabs, 0 tables",signed in as retail.demo,navigation -> module; exercised by retail_only,inventory,Chromium 1440x900 against the launcher's build,open the module and read every visible control,the module renders its controls,docs/evidence/retail_functionality/screens/route-delivery.png,"heading 'Project Planner'; 7 buttons, 1 inputs, 2 selects, 0 tabs, 0 tables",PASS,
RUI-006,Investigations,/investigations,populated,"57 buttons, 0 inputs, 0 selects, 0 tabs, 0 tables",signed in as retail.demo,navigation -> module; exercised by cockpit_chat; exercised by navigation; exercised by retail_only,inventory,Chromium 1440x900 against the launcher's build,open the module and read every visible control,the module renders its controls,docs/evidence/retail_functionality/screens/route-investigations.png,"heading 'Investigations'; 57 buttons, 0 inputs, 0 selects, 0 tabs, 0 tables",PASS,
RUI-007,Analyses,/analyses,empty,"7 buttons, 0 inputs, 0 selects, 0 tabs, 0 tables",signed in as retail.demo,navigation -> module; exercised by retail_only,inventory,Chromium 1440x900 against the launcher's build,open the module and read every visible control,the module renders its controls,docs/evidence/retail_functionality/screens/route-analyses.png,"heading 'Analyses'; 7 buttons, 0 inputs, 0 selects, 0 tabs, 0 tables",PASS,
RUI-008,Documents,/documents,populated,"7 buttons, 0 inputs, 0 selects, 0 tabs, 0 tables",signed in as retail.demo,navigation -> module; exercised by retail_only,inventory,Chromium 1440x900 against the launcher's build,open the module and read every visible control,the module renders its controls,docs/evidence/retail_functionality/screens/route-documents.png,"heading 'Documents'; 7 buttons, 0 inputs, 0 selects, 0 tabs, 0 tables",PASS,
RUI-009,Lenses,/lenses,populated,"8 buttons, 1 inputs, 0 selects, 0 tabs, 0 tables",signed in as retail.demo,navigation -> module; exercised by retail_only,inventory,Chromium 1440x900 against the launcher's build,open the module and read every visible control,the module renders its controls,docs/evidence/retail_functionality/screens/route-lenses.png,"heading 'Lenses'; 8 buttons, 1 inputs, 0 selects, 0 tabs, 0 tables",PASS,
RUI-010,Metric Catalogue,/metrics,populated,"9 buttons, 1 inputs, 0 selects, 0 tabs, 0 tables",signed in as retail.demo,navigation -> module; exercised by retail_only,inventory,Chromium 1440x900 against the launcher's build,open the module and read every visible control,the module renders its controls,docs/evidence/retail_functionality/screens/route-metrics.png,"heading 'Metric Catalogue'; 9 buttons, 1 inputs, 0 selects, 0 tabs, 0 tables",PASS,
RUI-011,Early Warning,/early-warning,empty,"11 buttons, 0 inputs, 0 selects, 3 tabs, 0 tables",signed in as retail.demo,navigation -> module; exercised by navigation; exercised by retail_only,inventory,Chromium 1440x900 against the launcher's build,open the module and read every visible control,the module renders its controls,docs/evidence/retail_functionality/screens/route-early-warning.png,"heading 'Early Warning'; 11 buttons, 0 inputs, 0 selects, 3 tabs, 0 tables",PASS,
RUI-012,Early Warning Signals,/early-warning/signals,populated,"9 buttons, 0 inputs, 3 selects, 0 tabs, 0 tables",signed in as retail.demo,navigation -> module; exercised by customer360; exercised by retail_only,inventory,Chromium 1440x900 against the launcher's build,open the module and read every visible control,the module renders its controls,docs/evidence/retail_functionality/screens/route-early-warning-signals.png,"heading 'Early Warning Signals'; 9 buttons, 0 inputs, 3 selects, 0 tabs, 0 tables",PASS,
RUI-013,What-If,/what-if,populated,"52 buttons, 11 inputs, 1 selects, 0 tabs, 0 tables",signed in as retail.demo,navigation -> module; exercised by whatif_chat; exercised by whatif_journeys; exercised by whatif_fidelity; exercised by navigation; exercised by retail_only,inventory,Chromium 1440x900 against the launcher's build,open the module and read every visible control,the module renders its controls,docs/evidence/retail_functionality/screens/route-what-if.png,"heading 'What-If'; 52 buttons, 11 inputs, 1 selects, 0 tabs, 0 tables",PASS,
RUI-014,Customer 360,/borrower-360,populated,"8 buttons, 1 inputs, 1 selects, 0 tabs, 0 tables",signed in as retail.demo,navigation -> module; exercised by customer360; exercised by retail_only,inventory,Chromium 1440x900 against the launcher's build,open the module and read every visible control,the module renders its controls,docs/evidence/retail_functionality/screens/route-borrower-360.png,"heading 'Customer 360'; 8 buttons, 1 inputs, 1 selects, 0 tabs, 0 tables",PASS,
RUI-015,Scorecard Validation,/scorecard-validation,populated,"29 buttons, 1 inputs, 0 selects, 0 tabs, 0 tables",signed in as retail.demo,navigation -> module; exercised by retail_only,inventory,Chromium 1440x900 against the launcher's build,open the module and read every visible control,the module renders its controls,docs/evidence/retail_functionality/screens/route-scorecard-validation.png,"heading 'Scorecard Validation'; 29 buttons, 1 inputs, 0 selects, 0 tabs, 0 tables",PASS,
RUI-016,Analysis Studio,/studio,populated,"8 buttons, 1 inputs, 2 selects, 0 tabs, 1 tables",signed in as retail.demo,navigation -> module; exercised by retail_only,inventory,Chromium 1440x900 against the launcher's build,open the module and read every visible control,the module renders its controls,docs/evidence/retail_functionality/screens/route-studio.png,"heading 'Analysis Studio'; 8 buttons, 1 inputs, 2 selects, 0 tabs, 1 tables",PASS,
RUI-017,Data Builder,/data-builder,populated,"13 buttons, 1 inputs, 0 selects, 0 tabs, 0 tables",signed in as retail.demo,navigation -> module; exercised by retail_only,inventory,Chromium 1440x900 against the launcher's build,open the module and read every visible control,the module renders its controls,docs/evidence/retail_functionality/screens/route-data-builder.png,"heading 'Data Builder'; 13 buttons, 1 inputs, 0 selects, 0 tabs, 0 tables",PASS,
RUI-018,Trace & Lineage,/trace,populated,"7 buttons, 0 inputs, 0 selects, 0 tabs, 0 tables",signed in as retail.demo,navigation -> module; exercised by navigation; exercised by cockpit_journeys; exercised by retail_only,inventory,Chromium 1440x900 against the launcher's build,open the module and read every visible control,the module renders its controls,docs/evidence/retail_functionality/screens/route-trace.png,"heading 'Trace & Lineage'; 7 buttons, 0 inputs, 0 selects, 0 tabs, 0 tables",PASS,
RUI-019,Playbook,/playbook,empty,"7 buttons, 0 inputs, 0 selects, 0 tabs, 0 tables",signed in as retail.demo,navigation -> module; exercised by retail_only,inventory,Chromium 1440x900 against the launcher's build,open the module and read every visible control,the module renders its controls,docs/evidence/retail_functionality/screens/route-playbook.png,"heading 'Playbook'; 7 buttons, 0 inputs, 0 selects, 0 tabs, 0 tables",PASS,
RUI-020,My reviews,/reviews,populated,"12 buttons, 0 inputs, 0 selects, 5 tabs, 0 tables",signed in as retail.demo,navigation -> module; exercised by retail_only,inventory,Chromium 1440x900 against the launcher's build,open the module and read every visible control,the module renders its controls,docs/evidence/retail_functionality/screens/route-reviews.png,"heading 'My reviews'; 12 buttons, 0 inputs, 0 selects, 5 tabs, 0 tables",PASS,
RUI-021,Workflow,/workflow,populated,"7 buttons, 1 inputs, 0 selects, 0 tabs, 1 tables",signed in as retail.demo,navigation -> module; exercised by retail_only,inventory,Chromium 1440x900 against the launcher's build,open the module and read every visible control,the module renders its controls,docs/evidence/retail_functionality/screens/route-workflow.png,"heading 'Workflow'; 7 buttons, 1 inputs, 0 selects, 0 tabs, 1 tables",PASS,
RUI-022,Agent Operations,/agent-operations,populated,"23 buttons, 0 inputs, 0 selects, 6 tabs, 0 tables",signed in as retail.demo,navigation -> module; exercised by retail_only,inventory,Chromium 1440x900 against the launcher's build,open the module and read every visible control,the module renders its controls,docs/evidence/retail_functionality/screens/route-agent-operations.png,"heading 'Agent Operations'; 23 buttons, 0 inputs, 0 selects, 6 tabs, 0 tables",PASS,
RUI-023,AI Intelligence Studio,/ai-studio,populated,"25 buttons, 0 inputs, 0 selects, 18 tabs, 0 tables",signed in as retail.demo,navigation -> module; exercised by retail_only,inventory,Chromium 1440x900 against the launcher's build,open the module and read every visible control,the module renders its controls,docs/evidence/retail_functionality/screens/route-ai-studio.png,"heading 'AI Intelligence Studio'; 25 buttons, 0 inputs, 0 selects, 18 tabs, 0 tables",PASS,
RUI-024,Users,/users,populated,"12 buttons, 0 inputs, 2 selects, 0 tabs, 0 tables",signed in as retail.demo,navigation -> module,inventory,Chromium 1440x900 against the launcher's build,open the module and read every visible control,the module renders its controls,docs/evidence/retail_functionality/screens/route-users.png,"heading 'Users'; 12 buttons, 0 inputs, 2 selects, 0 tabs, 0 tables",PASS,
RUI-025,Settings,/settings,empty,"16 buttons, 0 inputs, 0 selects, 0 tabs, 0 tables",signed in as retail.demo,navigation -> module,inventory,Chromium 1440x900 against the launcher's build,open the module and read every visible control,the module renders its controls,docs/evidence/retail_functionality/screens/route-settings.png,"heading 'Settings'; 16 buttons, 0 inputs, 0 selects, 0 tabs, 0 tables",PASS,
SIGNIN,shell,,exercised,Sign in with the demonstration account,signed in as retail.demo,cockpit_chat,cockpit_chat:SIGNIN,Chromium 1440x900 against the launcher's build,Sign in with the demonstration account,Sign in with the demonstration account,docs/evidence/retail_functionality/screens/cockpit_chat-signed-in.png,signed in as retail.demo,PASS,
CHAT-01,cockpit,,exercised,"Composer is visible, enabled, focusable, and the scope and provider state are readable",signed in as retail.demo,cockpit_chat,cockpit_chat:CHAT-01,Chromium 1440x900 against the launcher's build,"Composer is visible, enabled, focusable, and the scope and provider state are readable","Composer is visible, enabled, focusable, and the scope and provider state are readable",docs/evidence/retail_functionality/screens/cockpit-chat-01.png,visible/enabled=True focused=True state shown=True,PASS,
CHAT-05,cockpit,,exercised,Empty and whitespace-only input cannot be sent and makes no analysis call,signed in as retail.demo,cockpit_chat,cockpit_chat:CHAT-05,Chromium 1440x900 against the launcher's build,Empty and whitespace-only input cannot be sent and makes no analysis call,Empty and whitespace-only input cannot be sent and makes no analysis call,docs/evidence/retail_functionality/cockpit_chat.json,empty disabled=True blank disabled=True calls made=0,PASS,
CHAT-02,cockpit,,exercised,Typing a real question and clicking Ask makes ONE submission and returns the answer to that question,signed in as retail.demo,cockpit_chat,cockpit_chat:CHAT-02,Chromium 1440x900 against the launcher's build,Typing a real question and clicking Ask makes ONE submission and returns the answer to that question,Typing a real question and clicking Ask makes ONE submission and returns the answer to that question,docs/evidence/retail_functionality/screens/cockpit-chat-02.png,"completed=True echoed=True posts=['/agentic/officer', '/agentic/officer', '/investigations'] seconds=3.1",PASS,
CHAT-18,cockpit,,exercised,Submission is acknowledged and the answer completes inside a bounded time on this environment,signed in as retail.demo,cockpit_chat,cockpit_chat:CHAT-18,Chromium 1440x900 against the launcher's build,Submission is acknowledged and the answer completes inside a bounded time on this environment,Submission is acknowledged and the answer completes inside a bounded time on this environment,docs/evidence/retail_functionality/cockpit_chat.json,first answer completed in 3.1s (bound 240s); no unbounded spinner,PASS,
CHAT-03,cockpit,,exercised,Shift+Enter makes a new line and plain Enter sends,signed in as retail.demo,cockpit_chat,cockpit_chat:CHAT-03,Chromium 1440x900 against the launcher's build,Shift+Enter makes a new line and plain Enter sends,Shift+Enter makes a new line and plain Enter sends,docs/evidence/retail_functionality/screens/cockpit-chat-03.png,shift+enter kept the draft on a new line=True; enter submitted=True,PASS,
CHAT-08,cockpit,,exercised,A double click and an Enter on top of it submit the question once,signed in as retail.demo,cockpit_chat,cockpit_chat:CHAT-08,Chromium 1440x900 against the launcher's build,A double click and an Enter on top of it submit the question once,A double click and an Enter on top of it submit the question once,docs/evidence/retail_functionality/cockpit_chat.json,submissions recorded: ['/investigations/168/messages'],PASS,
CHAT-07,cockpit,,exercised,After completion the composer and Ask are usable again and no progress indicator is left running,signed in as retail.demo,cockpit_chat,cockpit_chat:CHAT-07,Chromium 1440x900 against the launcher's build,After completion the composer and Ask are usable again and no progress indicator is left running,After completion the composer and Ask are usable again and no progress indicator is left running,docs/evidence/retail_functionality/cockpit_chat.json,composer enabled=True; Ask disabled on an empty draft=True,PASS,
CHAT-09,cockpit,,exercised,A follow-up resolves against the conversation and the new answer echoes the narrowed scope,signed in as retail.demo,cockpit_chat,cockpit_chat:CHAT-09,Chromium 1440x900 against the launcher's build,A follow-up resolves against the conversation and the new answer echoes the narrowed scope,A follow-up resolves against the conversation and the new answer echoes the narrowed scope,docs/evidence/retail_functionality/screens/cockpit-chat-09.png,completed=True; the NEW turn names Personal Finance and drops the other products=True,PASS,
CHAT-10,cockpit,,exercised,A period change between messages is applied to the carried scope rather than a stale cached result,signed in as retail.demo,cockpit_chat,cockpit_chat:CHAT-10,Chromium 1440x900 against the launcher's build,A period change between messages is applied to the carried scope rather than a stale cached result,A period change between messages is applied to the carried scope rather than a stale cached result,docs/evidence/retail_functionality/screens/cockpit-chat-10.png,completed=True; the NEW turn names both periods=True,PASS,
CHAT-06,cockpit,,exercised,A clarification can be answered by clicking the option offered and by typing the answer,signed in as retail.demo,cockpit_chat,cockpit_chat:CHAT-06,Chromium 1440x900 against the launcher's build,A clarification can be answered by clicking the option offered and by typing the answer,A clarification can be answered by clicking the option offered and by typing the answer,docs/evidence/retail_functionality/screens/cockpit-chat-06.png,the product asked rather than guessing=True; a clickable option resolved it=True; a typed answer resolved it=True,PASS,
CHAT-12,cockpit,,exercised,Navigating away while a question is running and returning shows the answer on ITS conversation,signed in as retail.demo,cockpit_chat,cockpit_chat:CHAT-12,Chromium 1440x900 against the launcher's build,Navigating away while a question is running and returning shows the answer on ITS conversation,Navigating away while a question is running and returning shows the answer on ITS conversation,docs/evidence/retail_functionality/screens/cockpit-chat-12.png,navigated away mid-flight=True; the answer is on the conversation it was asked in=True,PASS,
CHAT-11,cockpit,,exercised,A new conversation starts clean and an existing one can be reopened with its transcript,signed in as retail.demo,cockpit_chat,cockpit_chat:CHAT-11,Chromium 1440x900 against the launcher's build,A new conversation starts clean and an existing one can be reopened with its transcript,A new conversation starts clean and an existing one can be reopened with its transcript,docs/evidence/retail_functionality/screens/cockpit-chat-11.png,new conversation at 169?returnTo=%2F&returnLabel=Cockpit&returnType=cockpit; inherited the old scope=False; history listed 50 conversations; reopened one=True,PASS,
CHAT-04,cockpit,,exercised,A pasted multi-line instruction keeps its content and resolves its scope,signed in as retail.demo,cockpit_chat,cockpit_chat:CHAT-04,Chromium 1440x900 against the launcher's build,A pasted multi-line instruction keeps its content and resolves its scope,A pasted multi-line instruction keeps its content and resolves its scope,docs/evidence/retail_functionality/screens/cockpit-chat-04.png,pasted text preserved=True; answered=True,PASS,
CHAT-15,cockpit,,exercised,"The answer's table, figures, units and evidence link agree with the response",signed in as retail.demo,cockpit_chat,cockpit_chat:CHAT-15,Chromium 1440x900 against the launcher's build,"The answer's table, figures, units and evidence link agree with the response","The answer's table, figures, units and evidence link agree with the response",docs/evidence/retail_functionality/screens/cockpit-chat-15.png,the rendered answer carries a Trace and units on its figures,PASS,
CHAT-16,cockpit,,exercised,A long transcript stays readable: earlier evidence can be scrolled to and the composer stays reachable,signed in as retail.demo,cockpit_chat,cockpit_chat:CHAT-16,Chromium 1440x900 against the launcher's build,A long transcript stays readable: earlier evidence can be scrolled to and the composer stays reachable,A long transcript stays readable: earlier evidence can be scrolled to and the composer stays reachable,docs/evidence/retail_functionality/cockpit_chat.json,transcript height=900px; composer reachable at the bottom=True,PASS,
CHAT-17,cockpit,,exercised,Every extra control the answer shows is present and advertised truthfully,signed in as retail.demo,cockpit_chat,cockpit_chat:CHAT-17,Chromium 1440x900 against the launcher's build,Every extra control the answer shows is present and advertised truthfully,Every extra control the answer shows is present and advertised truthfully,docs/evidence/retail_functionality/cockpit_chat.json,"controls found on the answer: {'Trace': True, 'Save analysis': True, 'Project': True, 'Download results': True}",PASS,
CHAT-13,cockpit,,exercised,"FAILURE INJECTION — a failed submission shows a real error, keeps the typed question, clears the progress state, and retries successfully without duplicating the run",signed in as retail.demo,cockpit_chat,cockpit_chat:CHAT-13,Chromium 1440x900 against the launcher's build,"FAILURE INJECTION — a failed submission shows a real error, keeps the typed question, clears the progress state, and retries successfully without duplicating the run","FAILURE INJECTION — a failed submission shows a real error, keeps the typed question, clears the progress state, and retries successfully without duplicating the run",docs/evidence/retail_functionality/screens/cockpit-chat-13.png,injected failures=1; an error was shown=True; the typed question survived=True; no stuck progress=True; the retry answered=True,PASS,
CHAT-14,cockpit,,exercised,An expired app login returns the user to sign-in and is not reported as a provider or backend failure,signed in as retail.demo,cockpit_chat,cockpit_chat:CHAT-14,Chromium 1440x900 against the launcher's build,An expired app login returns the user to sign-in and is not reported as a provider or backend failure,An expired app login returns the user to sign-in and is not reported as a provider or backend failure,docs/evidence/retail_functionality/screens/cockpit-chat-14.png,sign-in form shown after the session was cleared=True; the message does not blame the AI provider=True,PASS,
SIGNIN,shell,,exercised,Sign in with the demonstration account,signed in as retail.demo,cockpit_journeys,cockpit_journeys:SIGNIN,Chromium 1440x900 against the launcher's build,Sign in with the demonstration account,Sign in with the demonstration account,docs/evidence/retail_functionality/screens/cockpit_journeys-signed-in.png,signed in as retail.demo,PASS,
CP-01,cockpit,,exercised,"Exposure, customers, facilities and weighted ECL by retail product, at the month the question named",signed in as retail.demo,cockpit_journeys,cockpit_journeys:CP-01,Chromium 1440x900 against the launcher's build,"Exposure, customers, facilities and weighted ECL by retail product, at the month the question named","Exposure, customers, facilities and weighted ECL by retail product, at the month the question named",docs/evidence/retail_functionality/screens/cockpit-cp-01.png,completed=True; the four measures and the four products are on screen=True; the largest product named matches the table=True,PASS,
CP-02,cockpit,,exercised,Narrowing to one product and then comparing periods keeps the measure and changes only what was asked,signed in as retail.demo,cockpit_journeys,cockpit_journeys:CP-02,Chromium 1440x900 against the launcher's build,Narrowing to one product and then comparing periods keeps the measure and changes only what was asked,Narrowing to one product and then comparing periods keeps the measure and changes only what was asked,docs/evidence/retail_functionality/screens/cockpit-cp-02.png,the narrowing answered=True; the comparison answered=True; it names both periods=True; it stayed in personal finance=True,PASS,
CP-03,cockpit,,exercised,"A period decomposition reconciles opening, contributions and closing rather than showing an unrelated chart",signed in as retail.demo,cockpit_journeys,cockpit_journeys:CP-03,Chromium 1440x900 against the launcher's build,"A period decomposition reconciles opening, contributions and closing rather than showing an unrelated chart","A period decomposition reconciles opening, contributions and closing rather than showing an unrelated chart",docs/evidence/retail_functionality/screens/cockpit-cp-03.png,completed=True; both ends of the bridge are named=True; it invents a corporate dimension=False,PASS,
CP-04,cockpit,,exercised,"A definitional question is answered as an explanation, without inventing a portfolio figure",signed in as retail.demo,cockpit_journeys,cockpit_journeys:CP-04,Chromium 1440x900 against the launcher's build,"A definitional question is answered as an explanation, without inventing a portfolio figure","A definitional question is answered as an explanation, without inventing a portfolio figure",docs/evidence/retail_functionality/screens/cockpit-cp-04.png,completed=True; the answer distinguishes the base scenario from the weighted baseline=True,PASS,
CP-05,cockpit,,exercised,"A misspelt, single-paragraph instruction is read by the ordinary parser rather than refused",signed in as retail.demo,cockpit_journeys,cockpit_journeys:CP-05,Chromium 1440x900 against the launcher's build,"A misspelt, single-paragraph instruction is read by the ordinary parser rather than refused","A misspelt, single-paragraph instruction is read by the ordinary parser rather than refused",docs/evidence/retail_functionality/screens/cockpit-cp-05.png,completed=True; the stage breakdown and the month were understood=True,PASS,
CP-06,cockpit,,exercised,"An under-specified scorecard question is clarified once, and a typed answer resolves it",signed in as retail.demo,cockpit_journeys,cockpit_journeys:CP-06,Chromium 1440x900 against the launcher's build,"An under-specified scorecard question is clarified once, and a typed answer resolves it","An under-specified scorecard question is clarified once, and a typed answer resolves it",docs/evidence/retail_functionality/screens/cockpit-cp-06.png,the product asked rather than guessing=True; the typed clarification was answered=True,PASS,
CP-07,cockpit,,exercised,"A discrimination question either reports the cohort, its counts and its statistic, or says what is missing",signed in as retail.demo,cockpit_journeys,cockpit_journeys:CP-07,Chromium 1440x900 against the launcher's build,"A discrimination question either reports the cohort, its counts and its statistic, or says what is missing","A discrimination question either reports the cohort, its counts and its statistic, or says what is missing",docs/evidence/retail_functionality/screens/cockpit-cp-07.png,completed=True; the answer names the cohort or the evidence it lacks=True,PASS,
CP-08,cockpit,,exercised,A calibration question is not answered with a discrimination statistic,signed in as retail.demo,cockpit_journeys,cockpit_journeys:CP-08,Chromium 1440x900 against the launcher's build,A calibration question is not answered with a discrimination statistic,A calibration question is not answered with a discrimination statistic,docs/evidence/retail_functionality/screens/cockpit-cp-08.png,completed=True; Gini offered as calibration evidence=False,PASS,
CP-09,cockpit,,exercised,"A statistic that needs outcomes the book cannot have yet is refused with the reason, not fabricated",signed in as retail.demo,cockpit_journeys,cockpit_journeys:CP-09,Chromium 1440x900 against the launcher's build,"A statistic that needs outcomes the book cannot have yet is refused with the reason, not fabricated","A statistic that needs outcomes the book cannot have yet is refused with the reason, not fabricated",docs/evidence/retail_functionality/screens/cockpit-cp-09.png,completed=True; the answer explains why the outcome window is not complete=True; it invents a figure=False,PASS,
CP-11,cockpit,,exercised,An explain-and-compare question separates the explanation from the comparison it can actually run,signed in as retail.demo,cockpit_journeys,cockpit_journeys:CP-11,Chromium 1440x900 against the launcher's build,An explain-and-compare question separates the explanation from the comparison it can actually run,An explain-and-compare question separates the explanation from the comparison it can actually run,docs/evidence/retail_functionality/screens/cockpit-cp-11.png,completed=True; the answer is about utilisation=True,PASS,
CP-13,cockpit,,exercised,A filter that matches nothing gives an honest empty answer rather than the previous populated one,signed in as retail.demo,cockpit_journeys,cockpit_journeys:CP-13,Chromium 1440x900 against the launcher's build,A filter that matches nothing gives an honest empty answer rather than the previous populated one,A filter that matches nothing gives an honest empty answer rather than the previous populated one,docs/evidence/retail_functionality/screens/cockpit-cp-13.png,completed=True; an empty or refusing answer=True; the previous result was reused=False,PASS,
CP-14,cockpit,,exercised,"Opening the evidence and coming back lands on the same conversation, and a follow-up there is contextual",signed in as retail.demo,cockpit_journeys,cockpit_journeys:CP-14,Chromium 1440x900 against the launcher's build,"Opening the evidence and coming back lands on the same conversation, and a follow-up there is contextual","Opening the evidence and coming back lands on the same conversation, and a follow-up there is contextual",docs/evidence/retail_functionality/screens/cockpit-cp-14.png,the evidence opened=True; Back returned to the conversation=True; the contextual follow-up answered=True,PASS,
CP-15,cockpit,,exercised,Two conversations at two months do not contaminate each other,signed in as retail.demo,cockpit_journeys,cockpit_journeys:CP-15,Chromium 1440x900 against the launcher's build,Two conversations at two months do not contaminate each other,Two conversations at two months do not contaminate each other,docs/evidence/retail_functionality/screens/cockpit-cp-15.png,the July conversation is at 2026-07=True; the August one is at 2026-08=True,PASS,
CP-CONT,cockpit,,exercised,"One continuous five-turn conversation: analysis, narrowing, comparison, explanation and evidence",signed in as retail.demo,cockpit_journeys,cockpit_journeys:CP-CONT,Chromium 1440x900 against the launcher's build,"One continuous five-turn conversation: analysis, narrowing, comparison, explanation and evidence","One continuous five-turn conversation: analysis, narrowing, comparison, explanation and evidence",docs/evidence/retail_functionality/screens/cockpit-cp-continuous.png,Use Cockpit Data for August …=ok; Now only personal finance…=ok; Compare with July 2026…=ok; Explain that change…=ok; Show the evidence…=ok (23s),PASS,
CP-10,cockpit,/borrower-360,exercised,"Explain a named customer's behavioural score through the Customer 360 screen, with the model and its evidence named",signed in as retail.demo,cockpit_journeys,cockpit_journeys:CP-10,Chromium 1440x900 against the launcher's build,"Explain a named customer's behavioural score through the Customer 360 screen, with the model and its evidence named","Explain a named customer's behavioural score through the Customer 360 screen, with the model and its evidence named",docs/evidence/retail_functionality/screens/cockpit-cp-10.png,customer opened on screen=True; behavioural model named=True; version shown=True; 16 weight-of-evidence contributions listed; read as of this month-end rather than origination=True,PASS,
CP-12,cockpit,,exercised,"A drafting request is answered from the result, and says plainly that no model wrote the prose",signed in as retail.demo,cockpit_journeys,cockpit_journeys:CP-12,Chromium 1440x900 against the launcher's build,"A drafting request is answered from the result, and says plainly that no model wrote the prose","A drafting request is answered from the result, and says plainly that no model wrote the prose",docs/evidence/retail_functionality/screens/cockpit-cp-12.png,completed=True; the deterministic fallback is disclosed on the answer=True — this is NOT a live-provider pass,PASS,
SIGNIN,shell,,exercised,Sign in with the demonstration account,signed in as retail.demo,customer360,customer360:SIGNIN,Chromium 1440x900 against the launcher's build,Sign in with the demonstration account,Sign in with the demonstration account,docs/evidence/retail_functionality/screens/customer360-signed-in.png,signed in as retail.demo,PASS,
C360-01,customer-360,,exercised,"The Early Warning list opens, filters by severity, and every row names the rule, what it measured and what to do",signed in as retail.demo,customer360,customer360:C360-01,Chromium 1440x900 against the launcher's build,"The Early Warning list opens, filters by severity, and every row names the rule, what it measured and what to do","The Early Warning list opens, filters by severity, and every row names the rule, what it measured and what to do",docs/evidence/retail_functionality/screens/c360-01-signals.png,the list opened=True; a severity filter exists=True; a family filter exists=True; 25 alerts listed after filtering to HIGH,PASS,
C360-02,customer-360,,exercised,An alert opens the customer it was raised against,signed in as retail.demo,customer360,customer360:C360-02,Chromium 1440x900 against the launcher's build,An alert opens the customer it was raised against,An alert opens the customer it was raised against,docs/evidence/retail_functionality/screens/c360-02-opened.png,the alert carried a link to its customer=True; the customer screen rendered=True; url=http://localhost:5328/borrower-360?borrower=RC-0017728&period=2026-08&returnTo=%2Fearly-wa,PASS,
C360-03,customer-360,,exercised,"The customer's exposure, allowance and facility count agree with the book, and customer values are reported once",signed in as retail.demo,customer360,customer360:C360-03,Chromium 1440x900 against the launcher's build,"The customer's exposure, allowance and facility count agree with the book, and customer values are reported once","The customer's exposure, allowance and facility count agree with the book, and customer values are reported once",docs/evidence/retail_functionality/screens/c360-03-customer.png,"the header carries RC-0020621, 6 facilities, SAR 1,228,496 and SAR 29,206.24=True; the screen says income and obligations are customer values reported once=True",PASS,
C360-04,customer-360,,exercised,"Every facility is listed with its product, balance, DPD and stage, and one can be opened",signed in as retail.demo,customer360,customer360:C360-04,Chromium 1440x900 against the launcher's build,"Every facility is listed with its product, balance, DPD and stage, and one can be opened","Every facility is listed with its product, balance, DPD and stage, and one can be opened",docs/evidence/retail_functionality/screens/c360-04-facilities.png,"4 distinct products on the facility table (['Auto Finance', 'Credit Card', 'Home Finance', 'Personal Finance']); opening a facility moved to its scores=True",PASS,
C360-05,customer-360,,exercised,"Both scorecards name their model, version and date, and the origination inputs are not shown as current ones",signed in as retail.demo,customer360,customer360:C360-05,Chromium 1440x900 against the launcher's build,"Both scorecards name their model, version and date, and the origination inputs are not shown as current ones","Both scorecards name their model, version and date, and the origination inputs are not shown as current ones",docs/evidence/retail_functionality/screens/c360-05-scores.png,a model id and version are on screen=True; the application card says its inputs are as at origination and the behavioural card says this month-end=True,PASS,
C360-06,customer-360,,exercised,"The monthly history shows every published month for this customer, with balances, DPD, stage and score",signed in as retail.demo,customer360,customer360:C360-06,Chromium 1440x900 against the launcher's build,"The monthly history shows every published month for this customer, with balances, DPD, stage and score","The monthly history shows every published month for this customer, with balances, DPD, stage and score",docs/evidence/retail_functionality/screens/c360-06-history.png,25 months in the history table; it spans the published range=True,PASS,
C360-07,customer-360,,exercised,The customer's own warnings are listed with the rule that raised them and the facility they concern,signed in as retail.demo,customer360,customer360:C360-07,Chromium 1440x900 against the launcher's build,The customer's own warnings are listed with the rule that raised them and the facility they concern,The customer's own warnings are listed with the rule that raised them and the facility they concern,docs/evidence/retail_functionality/screens/c360-07-warnings.png,6 warnings listed; each names its rule=True,PASS,
C360-08,customer-360,,exercised,Changing the month re-reads the same customer at that month rather than clearing the screen,signed in as retail.demo,customer360,customer360:C360-08,Chromium 1440x900 against the launcher's build,Changing the month re-reads the same customer at that month rather than clearing the screen,Changing the month re-reads the same customer at that month rather than clearing the screen,docs/evidence/retail_functionality/screens/c360-08-earlier-month.png,the header states the month it is showing=True,PASS,
C360-09,customer-360,,exercised,Back from the customer returns to the SAME filtered Early Warning list,signed in as retail.demo,customer360,customer360:C360-09,Chromium 1440x900 against the launcher's build,Back from the customer returns to the SAME filtered Early Warning list,Back from the customer returns to the SAME filtered Early Warning list,docs/evidence/retail_functionality/screens/c360-09-back.png,a Back control was present=True; it returned to the signals list=True; the severity filter reads 'ALL',PASS,
C360-10,customer-360,,exercised,"An unknown customer id gives a recoverable state with the search still usable, not a crash or an endless loader",signed in as retail.demo,customer360,customer360:C360-10,Chromium 1440x900 against the launcher's build,"An unknown customer id gives a recoverable state with the search still usable, not a crash or an endless loader","An unknown customer id gives a recoverable state with the search still usable, not a crash or an endless loader",docs/evidence/retail_functionality/screens/c360-10-missing.png,the screen explains rather than hangs=True; the search box is still there=True,PASS,
SIGNIN,shell,,exercised,Sign in with the demonstration account,signed in as retail.demo,end_to_end,end_to_end:SIGNIN,Chromium 1440x900 against the launcher's build,Sign in with the demonstration account,Sign in with the demonstration account,docs/evidence/retail_functionality/screens/end_to_end-signed-in.png,signed in as retail.demo,PASS,
E2E-01,end-to-end,,exercised,"One uninterrupted demonstration journey in a fresh session: the book, a question, a narrowing, a comparison, the evidence and back, a scorecard question, and a scenario",signed in as retail.demo,end_to_end,end_to_end:E2E-01,Chromium 1440x900 against the launcher's build,"One uninterrupted demonstration journey in a fresh session: the book, a question, a narrowing, a comparison, the evidence and back, a scorecard question, and a scenario","One uninterrupted demonstration journey in a fresh session: the book, a question, a narrowing, a comparison, the evidence and back, a scorecard question, and a scenario",docs/evidence/retail_functionality/screens/e2e-01.png,Data Builder shows the Cockpit Data domain=True; the portfolio question answered=True; the narrowing answered=True; the period comparison answered=True; the evidence opened and returned=True; the scorecard question answered with its limits=True; the scenario ran=True,PASS,
E2E-02,end-to-end,,exercised,"The same conversation, reopened in a NEW session: the transcript, the month and the result are restored and it can be continued",signed in as retail.demo,end_to_end,end_to_end:E2E-02,Chromium 1440x900 against the launcher's build,"The same conversation, reopened in a NEW session: the transcript, the month and the result are restored and it can be continued","The same conversation, reopened in a NEW session: the transcript, the month and the result are restored and it can be continued",docs/evidence/retail_functionality/screens/e2e-02.png,"the session was really destroyed=True; signed in again=True; the transcript, month and result came back=True; a further turn answered=True",PASS,
SIGNIN,shell,,exercised,Sign in with the demonstration account,signed in as retail.demo,inventory,inventory:SIGNIN,Chromium 1440x900 against the launcher's build,Sign in with the demonstration account,Sign in with the demonstration account,docs/evidence/retail_functionality/screens/inventory-signed-in.png,signed in as retail.demo,PASS,
RUI-001,inventory,/,exercised,/ renders with its controls,signed in as retail.demo,inventory,inventory:RUI-001,Chromium 1440x900 against the launcher's build,/ renders with its controls,/ renders with its controls,docs/evidence/retail_functionality/screens/route-.png,"19 buttons, 32 links, 1 inputs, 0 selects, 5 tabs, 0 tables",PASS,
RUI-002,inventory,/workspace,exercised,/workspace renders with its controls,signed in as retail.demo,inventory,inventory:RUI-002,Chromium 1440x900 against the launcher's build,/workspace renders with its controls,/workspace renders with its controls,docs/evidence/retail_functionality/screens/route-workspace.png,"7 buttons, 37 links, 0 inputs, 0 selects, 0 tabs, 0 tables",PASS,
RUI-003,inventory,/messages,exercised,/messages renders with its controls,signed in as retail.demo,inventory,inventory:RUI-003,Chromium 1440x900 against the launcher's build,/messages renders with its controls,/messages renders with its controls,docs/evidence/retail_functionality/screens/route-messages.png,"13 buttons, 27 links, 2 inputs, 0 selects, 0 tabs, 0 tables",PASS,
RUI-004,inventory,/projects,exercised,/projects renders with its controls,signed in as retail.demo,inventory,inventory:RUI-004,Chromium 1440x900 against the launcher's build,/projects renders with its controls,/projects renders with its controls,docs/evidence/retail_functionality/screens/route-projects.png,"9 buttons, 27 links, 0 inputs, 0 selects, 0 tabs, 0 tables",PASS,
RUI-005,inventory,/delivery,exercised,/delivery renders with its controls,signed in as retail.demo,inventory,inventory:RUI-005,Chromium 1440x900 against the launcher's build,/delivery renders with its controls,/delivery renders with its controls,docs/evidence/retail_functionality/screens/route-delivery.png,"7 buttons, 30 links, 1 inputs, 2 selects, 0 tabs, 0 tables",PASS,
RUI-006,inventory,/investigations,exercised,/investigations renders with its controls,signed in as retail.demo,inventory,inventory:RUI-006,Chromium 1440x900 against the launcher's build,/investigations renders with its controls,/investigations renders with its controls,docs/evidence/retail_functionality/screens/route-investigations.png,"57 buttons, 28 links, 0 inputs, 0 selects, 0 tabs, 0 tables — the screen reports something unavailable",PASS,
RUI-007,inventory,/analyses,exercised,/analyses renders with its controls,signed in as retail.demo,inventory,inventory:RUI-007,Chromium 1440x900 against the launcher's build,/analyses renders with its controls,/analyses renders with its controls,docs/evidence/retail_functionality/screens/route-analyses.png,"7 buttons, 28 links, 0 inputs, 0 selects, 0 tabs, 0 tables",PASS,
RUI-008,inventory,/documents,exercised,/documents renders with its controls,signed in as retail.demo,inventory,inventory:RUI-008,Chromium 1440x900 against the launcher's build,/documents renders with its controls,/documents renders with its controls,docs/evidence/retail_functionality/screens/route-documents.png,"7 buttons, 30 links, 0 inputs, 0 selects, 0 tabs, 0 tables",PASS,
RUI-009,inventory,/lenses,exercised,/lenses renders with its controls,signed in as retail.demo,inventory,inventory:RUI-009,Chromium 1440x900 against the launcher's build,/lenses renders with its controls,/lenses renders with its controls,docs/evidence/retail_functionality/screens/route-lenses.png,"8 buttons, 30 links, 1 inputs, 0 selects, 0 tabs, 0 tables — the screen reports something unavailable",PASS,
RUI-010,inventory,/metrics,exercised,/metrics renders with its controls,signed in as retail.demo,inventory,inventory:RUI-010,Chromium 1440x900 against the launcher's build,/metrics renders with its controls,/metrics renders with its controls,docs/evidence/retail_functionality/screens/route-metrics.png,"9 buttons, 27 links, 1 inputs, 0 selects, 0 tabs, 0 tables",PASS,
RUI-011,inventory,/early-warning,exercised,/early-warning renders with its controls,signed in as retail.demo,inventory,inventory:RUI-011,Chromium 1440x900 against the launcher's build,/early-warning renders with its controls,/early-warning renders with its controls,docs/evidence/retail_functionality/screens/route-early-warning.png,"11 buttons, 30 links, 0 inputs, 0 selects, 3 tabs, 0 tables",PASS,
RUI-012,inventory,/early-warning/signals,exercised,/early-warning/signals renders with its controls,signed in as retail.demo,inventory,inventory:RUI-012,Chromium 1440x900 against the launcher's build,/early-warning/signals renders with its controls,/early-warning/signals renders with its controls,docs/evidence/retail_functionality/screens/route-early-warning-signals.png,"9 buttons, 52 links, 0 inputs, 3 selects, 0 tabs, 0 tables",PASS,
RUI-013,inventory,/what-if,exercised,/what-if renders with its controls,signed in as retail.demo,inventory,inventory:RUI-013,Chromium 1440x900 against the launcher's build,/what-if renders with its controls,/what-if renders with its controls,docs/evidence/retail_functionality/screens/route-what-if.png,"52 buttons, 27 links, 11 inputs, 1 selects, 0 tabs, 0 tables",PASS,
RUI-014,inventory,/borrower-360,exercised,/borrower-360 renders with its controls,signed in as retail.demo,inventory,inventory:RUI-014,Chromium 1440x900 against the launcher's build,/borrower-360 renders with its controls,/borrower-360 renders with its controls,docs/evidence/retail_functionality/screens/route-borrower-360.png,"8 buttons, 28 links, 1 inputs, 1 selects, 0 tabs, 0 tables",PASS,
RUI-015,inventory,/scorecard-validation,exercised,/scorecard-validation renders with its controls,signed in as retail.demo,inventory,inventory:RUI-015,Chromium 1440x900 against the launcher's build,/scorecard-validation renders with its controls,/scorecard-validation renders with its controls,docs/evidence/retail_functionality/screens/route-scorecard-validation.png,"29 buttons, 30 links, 1 inputs, 0 selects, 0 tabs, 0 tables — the screen reports something unavailable",PASS,
RUI-016,inventory,/studio,exercised,/studio renders with its controls,signed in as retail.demo,inventory,inventory:RUI-016,Chromium 1440x900 against the launcher's build,/studio renders with its controls,/studio renders with its controls,docs/evidence/retail_functionality/screens/route-studio.png,"8 buttons, 249 links, 1 inputs, 2 selects, 0 tabs, 1 tables",PASS,
RUI-017,inventory,/data-builder,exercised,/data-builder renders with its controls,signed in as retail.demo,inventory,inventory:RUI-017,Chromium 1440x900 against the launcher's build,/data-builder renders with its controls,/data-builder renders with its controls,docs/evidence/retail_functionality/screens/route-data-builder.png,"13 buttons, 33 links, 1 inputs, 0 selects, 0 tabs, 0 tables — the screen reports something unavailable",PASS,
RUI-018,inventory,/trace,exercised,/trace renders with its controls,signed in as retail.demo,inventory,inventory:RUI-018,Chromium 1440x900 against the launcher's build,/trace renders with its controls,/trace renders with its controls,docs/evidence/retail_functionality/screens/route-trace.png,"7 buttons, 40 links, 0 inputs, 0 selects, 0 tabs, 0 tables — the screen reports something unavailable",PASS,
RUI-019,inventory,/playbook,exercised,/playbook renders with its controls,signed in as retail.demo,inventory,inventory:RUI-019,Chromium 1440x900 against the launcher's build,/playbook renders with its controls,/playbook renders with its controls,docs/evidence/retail_functionality/screens/route-playbook.png,"7 buttons, 30 links, 0 inputs, 0 selects, 0 tabs, 0 tables",PASS,
RUI-020,inventory,/reviews,exercised,/reviews renders with its controls,signed in as retail.demo,inventory,inventory:RUI-020,Chromium 1440x900 against the launcher's build,/reviews renders with its controls,/reviews renders with its controls,docs/evidence/retail_functionality/screens/route-reviews.png,"12 buttons, 27 links, 0 inputs, 0 selects, 5 tabs, 0 tables",PASS,
RUI-021,inventory,/workflow,exercised,/workflow renders with its controls,signed in as retail.demo,inventory,inventory:RUI-021,Chromium 1440x900 against the launcher's build,/workflow renders with its controls,/workflow renders with its controls,docs/evidence/retail_functionality/screens/route-workflow.png,"7 buttons, 28 links, 1 inputs, 0 selects, 0 tabs, 1 tables",PASS,
RUI-022,inventory,/agent-operations,exercised,/agent-operations renders with its controls,signed in as retail.demo,inventory,inventory:RUI-022,Chromium 1440x900 against the launcher's build,/agent-operations renders with its controls,/agent-operations renders with its controls,docs/evidence/retail_functionality/screens/route-agent-operations.png,"23 buttons, 27 links, 0 inputs, 0 selects, 6 tabs, 0 tables",PASS,
RUI-023,inventory,/ai-studio,exercised,/ai-studio renders with its controls,signed in as retail.demo,inventory,inventory:RUI-023,Chromium 1440x900 against the launcher's build,/ai-studio renders with its controls,/ai-studio renders with its controls,docs/evidence/retail_functionality/screens/route-ai-studio.png,"25 buttons, 27 links, 0 inputs, 0 selects, 18 tabs, 0 tables",PASS,
RUI-024,inventory,/users,exercised,/users renders with its controls,signed in as retail.demo,inventory,inventory:RUI-024,Chromium 1440x900 against the launcher's build,/users renders with its controls,/users renders with its controls,docs/evidence/retail_functionality/screens/route-users.png,"12 buttons, 27 links, 0 inputs, 2 selects, 0 tabs, 0 tables",PASS,
RUI-025,inventory,/settings,exercised,/settings renders with its controls,signed in as retail.demo,inventory,inventory:RUI-025,Chromium 1440x900 against the launcher's build,/settings renders with its controls,/settings renders with its controls,docs/evidence/retail_functionality/screens/route-settings.png,"16 buttons, 27 links, 0 inputs, 0 selects, 0 tabs, 0 tables — the screen reports something unavailable",PASS,
SIGNIN,shell,,exercised,Sign in with the demonstration account,signed in as retail.demo,navigation,navigation:SIGNIN,Chromium 1440x900 against the launcher's build,Sign in with the demonstration account,Sign in with the demonstration account,docs/evidence/retail_functionality/screens/navigation-signed-in.png,signed in as retail.demo,PASS,
NAV-01,navigation,,exercised,"Evidence opened from an answer returns to THAT conversation, not to the home page",signed in as retail.demo,navigation,navigation:NAV-01,Chromium 1440x900 against the launcher's build,"Evidence opened from an answer returns to THAT conversation, not to the home page","Evidence opened from an answer returns to THAT conversation, not to the home page",docs/evidence/retail_functionality/screens/nav-01.png,the Trace opened=True; Back returned to http://localhost:5328/investigations/183#turn-1 (the conversation is http://localhost:5328/investigations/183?returnTo=%2F&returnLabel=Cockpit&returnType=cockpit),PASS,
NAV-02,navigation,,exercised,"The returned conversation still carries its question, its month and its completed result",signed in as retail.demo,navigation,navigation:NAV-02,Chromium 1440x900 against the launcher's build,"The returned conversation still carries its question, its month and its completed result","The returned conversation still carries its question, its month and its completed result",docs/evidence/retail_functionality/navigation.json,the question is still on screen=True; the month 2026-08 is still the answer's month=True,PASS,
NAV-04,navigation,,exercised,Browser Back undoes ONE intentional navigation and Forward redoes it,signed in as retail.demo,navigation,navigation:NAV-04,Chromium 1440x900 against the launcher's build,Browser Back undoes ONE intentional navigation and Forward redoes it,Browser Back undoes ONE intentional navigation and Forward redoes it,docs/evidence/retail_functionality/screens/nav-04.png,http://localhost:5328/investigations/183#turn-1 -> http://localhost:5328/early-warning; Back -> http://localhost:5328/investigations/183#turn-1; Forward -> http://localhost:5328/early-warning,PASS,
NAV-05,navigation,,exercised,A detail route opened directly renders with a working in-app parent rather than a sign-in loop,signed in as retail.demo,navigation,navigation:NAV-05,Chromium 1440x900 against the launcher's build,A detail route opened directly renders with a working in-app parent rather than a sign-in loop,A detail route opened directly renders with a working in-app parent rather than a sign-in loop,docs/evidence/retail_functionality/screens/nav-05.png,still signed in=True; a way back is present=True,PASS,
NAV-03,navigation,,exercised,A saved scenario survives leaving the module and reopens with its own pinned inputs and month,signed in as retail.demo,navigation,navigation:NAV-03,Chromium 1440x900 against the launcher's build,A saved scenario survives leaving the module and reopens with its own pinned inputs and month,A saved scenario survives leaving the module and reopens with its own pinned inputs and month,docs/evidence/retail_functionality/screens/nav-03.png,saved=True; reopened with its inputs=True,PASS,
NAV-08,navigation,,exercised,"Leaving mid-question does not show the answer in another module, and returning does not resubmit it",signed in as retail.demo,navigation,navigation:NAV-08,Chromium 1440x900 against the launcher's build,"Leaving mid-question does not show the answer in another module, and returning does not resubmit it","Leaving mid-question does not show the answer in another module, and returning does not resubmit it",docs/evidence/retail_functionality/screens/nav-08.png,the pending answer appeared in Early Warning=False; returning resubmitted it=False,PASS,
NAV-10,navigation,,exercised,"A stale or deleted link lands on an informative, recoverable screen rather than a crash or a spinner",signed in as retail.demo,navigation,navigation:NAV-10,Chromium 1440x900 against the launcher's build,"A stale or deleted link lands on an informative, recoverable screen rather than a crash or a spinner","A stale or deleted link lands on an informative, recoverable screen rather than a crash or a spinner",docs/evidence/retail_functionality/screens/nav-10.png,an explanation is shown=True; stuck on a loader=False,PASS,
NAV-06,navigation,,exercised,An overlay closes with Escape and leaves the page usable,signed in as retail.demo,navigation,navigation:NAV-06,Chromium 1440x900 against the launcher's build,An overlay closes with Escape and leaves the page usable,An overlay closes with Escape and leaves the page usable,docs/evidence/retail_functionality/navigation.json,closed with Escape=True; the composer is usable after=True,PASS,
NAV-09,navigation,,exercised,The composer and its Send stay visible and unobstructed at MacBook and narrow desktop widths,signed in as retail.demo,navigation,navigation:NAV-09,Chromium 1440x900 against the launcher's build,The composer and its Send stay visible and unobstructed at MacBook and narrow desktop widths,The composer and its Send stay visible and unobstructed at MacBook and narrow desktop widths,docs/evidence/retail_functionality/navigation.json,MacBook 13 (1280x800): ok; narrow desktop (1024x768): ok,PASS,
NAV-07,navigation,,exercised,An unsaved scenario name is neither silently saved nor reported as saved,signed in as retail.demo,navigation,navigation:NAV-07,Chromium 1440x900 against the launcher's build,An unsaved scenario name is neither silently saved nor reported as saved,An unsaved scenario name is neither silently saved nor reported as saved,docs/evidence/retail_functionality/navigation.json,"the What-If composer holds no document-style edit: a scenario is not persisted until Save is pressed, and the draft is a single field that the module restores on return",NOT APPLICABLE,
SIGNIN,shell,,exercised,Sign in with the demonstration account,signed in as retail.demo,retail_only,retail_only:SIGNIN,Chromium 1440x900 against the launcher's build,Sign in with the demonstration account,Sign in with the demonstration account,docs/evidence/retail_functionality/screens/retail_only-signed-in.png,signed in as retail.demo,PASS,
RO-01,retail-only,,exercised,"The Lenses index does not offer the CRO Portfolio Lens, which reads the wholesale book",signed in as retail.demo,retail_only,retail_only:RO-01,Chromium 1440x900 against the launcher's build,"The Lenses index does not offer the CRO Portfolio Lens, which reads the wholesale book","The Lenses index does not offer the CRO Portfolio Lens, which reads the wholesale book",docs/evidence/retail_functionality/screens/ro-01-lenses.png,opened=True; CRO card offered=False,PASS,
RO-02,retail-only,,exercised,A direct link to the CRO Portfolio Lens answers with a fallback rather than rendering the wholesale book,signed in as retail.demo,retail_only,retail_only:RO-02,Chromium 1440x900 against the launcher's build,A direct link to the CRO Portfolio Lens answers with a fallback rather than rendering the wholesale book,A direct link to the CRO Portfolio Lens answers with a fallback rather than rendering the wholesale book,docs/evidence/retail_functionality/screens/ro-02-cro.png,fallback=True; link back=True; wholesale view rendered=False,PASS,
RO-03,retail-only,,exercised,Agent Operations publishes no team whose subject matter this book does not contain,signed in as retail.demo,retail_only,retail_only:RO-03,Chromium 1440x900 against the launcher's build,Agent Operations publishes no team whose subject matter this book does not contain,Agent Operations publishes no team whose subject matter this book does not contain,docs/evidence/retail_functionality/retail_only.json,status=200; 10 teams served; retired teams still published=[],PASS,
RO-04,retail-only,,exercised,None of the retired teams is named on the Agent Operations screen,signed in as retail.demo,retail_only,retail_only:RO-04,Chromium 1440x900 against the launcher's build,None of the retired teams is named on the Agent Operations screen,None of the retired teams is named on the Agent Operations screen,docs/evidence/retail_functionality/screens/ro-04-agent-ops.png,retired teams on screen=[],PASS,
RO-05,retail-only,,exercised,Every seeded committee paper is retail and names the book and month it is drawn from,signed in as retail.demo,retail_only,retail_only:RO-05,Chromium 1440x900 against the launcher's build,Every seeded committee paper is retail and names the book and month it is drawn from,Every seeded committee paper is retail and names the book and month it is drawn from,docs/evidence/retail_functionality/screens/ro-05-documents.png,opened=True; corporate wording=[]; dataset named on the cards=True,PASS,
RO-06,retail-only,,exercised,"An opened paper is retail throughout, and Back returns to the library",signed in as retail.demo,retail_only,retail_only:RO-06,Chromium 1440x900 against the launcher's build,"An opened paper is retail throughout, and Back returns to the library","An opened paper is retail throughout, and Back returns to the library",docs/evidence/retail_functionality/screens/ro-06-document.png,corporate wording=[]; back control=True,PASS,
RO-07,retail-only,/,exercised,"/ shows no corporate example, team or terminology",signed in as retail.demo,retail_only,retail_only:RO-07,Chromium 1440x900 against the launcher's build,"/ shows no corporate example, team or terminology","/ shows no corporate example, team or terminology",docs/evidence/retail_functionality/screens/ro-07-.png,none of the retired vocabulary is on screen,PASS,
RO-08,retail-only,/lenses,exercised,"/lenses shows no corporate example, team or terminology",signed in as retail.demo,retail_only,retail_only:RO-08,Chromium 1440x900 against the launcher's build,"/lenses shows no corporate example, team or terminology","/lenses shows no corporate example, team or terminology",docs/evidence/retail_functionality/screens/ro-08-lenses.png,none of the retired vocabulary is on screen,PASS,
RO-09,retail-only,/documents,exercised,"/documents shows no corporate example, team or terminology",signed in as retail.demo,retail_only,retail_only:RO-09,Chromium 1440x900 against the launcher's build,"/documents shows no corporate example, team or terminology","/documents shows no corporate example, team or terminology",docs/evidence/retail_functionality/screens/ro-09-documents.png,none of the retired vocabulary is on screen,PASS,
RO-10,retail-only,/what-if,exercised,"/what-if shows no corporate example, team or terminology",signed in as retail.demo,retail_only,retail_only:RO-10,Chromium 1440x900 against the launcher's build,"/what-if shows no corporate example, team or terminology","/what-if shows no corporate example, team or terminology",docs/evidence/retail_functionality/screens/ro-10-what-if.png,none of the retired vocabulary is on screen,PASS,
RO-11,retail-only,/early-warning,exercised,"/early-warning shows no corporate example, team or terminology",signed in as retail.demo,retail_only,retail_only:RO-11,Chromium 1440x900 against the launcher's build,"/early-warning shows no corporate example, team or terminology","/early-warning shows no corporate example, team or terminology",docs/evidence/retail_functionality/screens/ro-11-early-warning.png,none of the retired vocabulary is on screen,PASS,
RO-12,retail-only,/early-warning/signals,exercised,"/early-warning/signals shows no corporate example, team or terminology",signed in as retail.demo,retail_only,retail_only:RO-12,Chromium 1440x900 against the launcher's build,"/early-warning/signals shows no corporate example, team or terminology","/early-warning/signals shows no corporate example, team or terminology",docs/evidence/retail_functionality/screens/ro-12-early-warning-signals.png,none of the retired vocabulary is on screen,PASS,
RO-13,retail-only,/borrower-360,exercised,"/borrower-360 shows no corporate example, team or terminology",signed in as retail.demo,retail_only,retail_only:RO-13,Chromium 1440x900 against the launcher's build,"/borrower-360 shows no corporate example, team or terminology","/borrower-360 shows no corporate example, team or terminology",docs/evidence/retail_functionality/screens/ro-13-borrower-360.png,none of the retired vocabulary is on screen,PASS,
RO-14,retail-only,/playbook,exercised,"/playbook shows no corporate example, team or terminology",signed in as retail.demo,retail_only,retail_only:RO-14,Chromium 1440x900 against the launcher's build,"/playbook shows no corporate example, team or terminology","/playbook shows no corporate example, team or terminology",docs/evidence/retail_functionality/screens/ro-14-playbook.png,none of the retired vocabulary is on screen,PASS,
RO-15,retail-only,/projects,exercised,"/projects shows no corporate example, team or terminology",signed in as retail.demo,retail_only,retail_only:RO-15,Chromium 1440x900 against the launcher's build,"/projects shows no corporate example, team or terminology","/projects shows no corporate example, team or terminology",docs/evidence/retail_functionality/screens/ro-15-projects.png,none of the retired vocabulary is on screen,PASS,
RO-16,retail-only,/delivery,exercised,"/delivery shows no corporate example, team or terminology",signed in as retail.demo,retail_only,retail_only:RO-16,Chromium 1440x900 against the launcher's build,"/delivery shows no corporate example, team or terminology","/delivery shows no corporate example, team or terminology",docs/evidence/retail_functionality/screens/ro-16-delivery.png,none of the retired vocabulary is on screen,PASS,
RO-17,retail-only,/analyses,exercised,"/analyses shows no corporate example, team or terminology",signed in as retail.demo,retail_only,retail_only:RO-17,Chromium 1440x900 against the launcher's build,"/analyses shows no corporate example, team or terminology","/analyses shows no corporate example, team or terminology",docs/evidence/retail_functionality/screens/ro-17-analyses.png,none of the retired vocabulary is on screen,PASS,
RO-18,retail-only,/investigations,exercised,"/investigations shows no corporate example, team or terminology",signed in as retail.demo,retail_only,retail_only:RO-18,Chromium 1440x900 against the launcher's build,"/investigations shows no corporate example, team or terminology","/investigations shows no corporate example, team or terminology",docs/evidence/retail_functionality/screens/ro-18-investigations.png,none of the retired vocabulary is on screen,PASS,
RO-19,retail-only,/metrics,exercised,"/metrics shows no corporate example, team or terminology",signed in as retail.demo,retail_only,retail_only:RO-19,Chromium 1440x900 against the launcher's build,"/metrics shows no corporate example, team or terminology","/metrics shows no corporate example, team or terminology",docs/evidence/retail_functionality/screens/ro-19-metrics.png,none of the retired vocabulary is on screen,PASS,
RO-20,retail-only,/workspace,exercised,"/workspace shows no corporate example, team or terminology",signed in as retail.demo,retail_only,retail_only:RO-20,Chromium 1440x900 against the launcher's build,"/workspace shows no corporate example, team or terminology","/workspace shows no corporate example, team or terminology",docs/evidence/retail_functionality/screens/ro-20-workspace.png,none of the retired vocabulary is on screen,PASS,
RO-21,retail-only,/reviews,exercised,"/reviews shows no corporate example, team or terminology",signed in as retail.demo,retail_only,retail_only:RO-21,Chromium 1440x900 against the launcher's build,"/reviews shows no corporate example, team or terminology","/reviews shows no corporate example, team or terminology",docs/evidence/retail_functionality/screens/ro-21-reviews.png,none of the retired vocabulary is on screen,PASS,
RO-22,retail-only,/studio,exercised,"/studio shows no corporate example, team or terminology",signed in as retail.demo,retail_only,retail_only:RO-22,Chromium 1440x900 against the launcher's build,"/studio shows no corporate example, team or terminology","/studio shows no corporate example, team or terminology",docs/evidence/retail_functionality/screens/ro-22-studio.png,none of the retired vocabulary is on screen,PASS,
RO-23,retail-only,/ai-studio,exercised,"/ai-studio shows no corporate example, team or terminology",signed in as retail.demo,retail_only,retail_only:RO-23,Chromium 1440x900 against the launcher's build,"/ai-studio shows no corporate example, team or terminology","/ai-studio shows no corporate example, team or terminology",docs/evidence/retail_functionality/screens/ro-23-ai-studio.png,none of the retired vocabulary is on screen,PASS,
RO-24,retail-only,/scorecard-validation,exercised,"/scorecard-validation shows no corporate example, team or terminology",signed in as retail.demo,retail_only,retail_only:RO-24,Chromium 1440x900 against the launcher's build,"/scorecard-validation shows no corporate example, team or terminology","/scorecard-validation shows no corporate example, team or terminology",docs/evidence/retail_functionality/screens/ro-24-scorecard-validation.png,none of the retired vocabulary is on screen,PASS,
RO-25,retail-only,/trace,exercised,"/trace shows no corporate example, team or terminology",signed in as retail.demo,retail_only,retail_only:RO-25,Chromium 1440x900 against the launcher's build,"/trace shows no corporate example, team or terminology","/trace shows no corporate example, team or terminology",docs/evidence/retail_functionality/screens/ro-25-trace.png,none of the retired vocabulary is on screen,PASS,
RO-26,retail-only,/messages,exercised,"/messages shows no corporate example, team or terminology",signed in as retail.demo,retail_only,retail_only:RO-26,Chromium 1440x900 against the launcher's build,"/messages shows no corporate example, team or terminology","/messages shows no corporate example, team or terminology",docs/evidence/retail_functionality/screens/ro-26-messages.png,none of the retired vocabulary is on screen,PASS,
RO-27,retail-only,/workflow,exercised,"/workflow shows no corporate example, team or terminology",signed in as retail.demo,retail_only,retail_only:RO-27,Chromium 1440x900 against the launcher's build,"/workflow shows no corporate example, team or terminology","/workflow shows no corporate example, team or terminology",docs/evidence/retail_functionality/screens/ro-27-workflow.png,none of the retired vocabulary is on screen,PASS,
RO-28,retail-only,/data-builder,exercised,"/data-builder shows no corporate example, team or terminology",signed in as retail.demo,retail_only,retail_only:RO-28,Chromium 1440x900 against the launcher's build,"/data-builder shows no corporate example, team or terminology","/data-builder shows no corporate example, team or terminology",docs/evidence/retail_functionality/screens/ro-28-data-builder.png,none of the retired vocabulary is on screen,PASS,
SIGNIN,shell,,exercised,Sign in with the demonstration account,signed in as retail.demo,whatif_chat,whatif_chat:SIGNIN,Chromium 1440x900 against the launcher's build,Sign in with the demonstration account,Sign in with the demonstration account,docs/evidence/retail_functionality/screens/whatif_chat-signed-in.png,signed in as retail.demo,PASS,
WI-CHAT-01,what-if,,exercised,"The What-If composer is visible, enabled, focusable, and the month and methodology are readable",signed in as retail.demo,whatif_chat,whatif_chat:WI-CHAT-01,Chromium 1440x900 against the launcher's build,"The What-If composer is visible, enabled, focusable, and the month and methodology are readable","The What-If composer is visible, enabled, focusable, and the month and methodology are readable",docs/evidence/retail_functionality/screens/whatif-chat-01.png,visible/enabled=True focused=True month and methodology shown=True; engine retail,PASS,
WI-CHAT-05,what-if,,exercised,Whitespace-only input cannot be sent and runs no scenario,signed in as retail.demo,whatif_chat,whatif_chat:WI-CHAT-05,Chromium 1440x900 against the launcher's build,Whitespace-only input cannot be sent and runs no scenario,Whitespace-only input cannot be sent and runs no scenario,docs/evidence/retail_functionality/whatif_chat.json,Send disabled on a blank draft=True; calls made=0,PASS,
WI-01,what-if,,exercised,"An unchanged scenario reproduces the published baseline, within a declared and stated tolerance",signed in as retail.demo,whatif_chat,whatif_chat:WI-01,Chromium 1440x900 against the launcher's build,"An unchanged scenario reproduces the published baseline, within a declared and stated tolerance","An unchanged scenario reproduces the published baseline, within a declared and stated tolerance",docs/evidence/retail_functionality/screens/whatif-wi-01.png,completed=True; the answer states the parity and its tolerance=True,PASS,
WI-02,what-if,,exercised,"A relative PD shock runs the PD pathway and reports the ECL impact, independently reconciled",signed in as retail.demo,whatif_chat,whatif_chat:WI-02,Chromium 1440x900 against the launcher's build,"A relative PD shock runs the PD pathway and reports the ECL impact, independently reconciled","A relative PD shock runs the PD pathway and reports the ECL impact, independently reconciled",docs/evidence/retail_functionality/screens/whatif-wi-02.png,"completed=True; the answer shows 8,994,012 -> 10,161,669 (+12.98%)=True",PASS,
WI-04,what-if,,exercised,"An ambiguous unit is asked about, not guessed, and the clicked reading runs exactly what it says",signed in as retail.demo,whatif_chat,whatif_chat:WI-04,Chromium 1440x900 against the launcher's build,"An ambiguous unit is asked about, not guessed, and the clicked reading runs exactly what it says","An ambiguous unit is asked about, not guessed, and the clicked reading runs exactly what it says",docs/evidence/retail_functionality/screens/whatif-wi-04.png,the product asked rather than guessing=True; it offered 2 readings; the clicked one ran=True,PASS,
WI-04b,what-if,,exercised,The same clarification can be answered by typing,signed in as retail.demo,whatif_chat,whatif_chat:WI-04b,Chromium 1440x900 against the launcher's build,The same clarification can be answered by typing,The same clarification can be answered by typing,docs/evidence/retail_functionality/whatif_chat.json,completed=True,PASS,
WI-03,what-if,,exercised,"An absolute PD shock is a different operation from a relative one, and a fresh scenario inherits neither",signed in as retail.demo,whatif_chat,whatif_chat:WI-03,Chromium 1440x900 against the launcher's build,"An absolute PD shock is a different operation from a relative one, and a fresh scenario inherits neither","An absolute PD shock is a different operation from a relative one, and a fresh scenario inherits neither",docs/evidence/retail_functionality/screens/whatif-wi-03.png,"completed=True; +2pp gives SAR 15,088,559 (+67.76%)=True; inherited the earlier relative shock=False",PASS,
WI-05,what-if,,exercised,"A narrowing turn keeps the shock and changes the population, and says which population it ran over",signed in as retail.demo,whatif_chat,whatif_chat:WI-05,Chromium 1440x900 against the launcher's build,"A narrowing turn keeps the shock and changes the population, and says which population it ran over","A narrowing turn keeps the shock and changes the population, and says which population it ran over",docs/evidence/retail_functionality/screens/whatif-wi-05.png,completed=True; the answer names the narrowed population=True,PASS,
WI-06,what-if,,exercised,The three scenario weights are applied and the weighted identity is recomputed,signed in as retail.demo,whatif_chat,whatif_chat:WI-06,Chromium 1440x900 against the launcher's build,The three scenario weights are applied and the weighted identity is recomputed,The three scenario weights are applied and the weighted identity is recomputed,docs/evidence/retail_functionality/screens/whatif-wi-06.png,completed=True; the answer states the weights it used=True,PASS,
WI-07,what-if,,exercised,"Weights that do not sum to one are refused with the arithmetic, not silently renormalised",signed in as retail.demo,whatif_chat,whatif_chat:WI-07,Chromium 1440x900 against the launcher's build,"Weights that do not sum to one are refused with the arithmetic, not silently renormalised","Weights that do not sum to one are refused with the arithmetic, not silently renormalised",docs/evidence/retail_functionality/screens/whatif-wi-07.png,completed=True; the refusal names the sum=True,PASS,
WI-08,what-if,,exercised,A utilisation sensitivity runs the implemented dependency chain and states its units,signed in as retail.demo,whatif_chat,whatif_chat:WI-08,Chromium 1440x900 against the launcher's build,A utilisation sensitivity runs the implemented dependency chain and states its units,A utilisation sensitivity runs the implemented dependency chain and states its units,docs/evidence/retail_functionality/screens/whatif-wi-08.png,completed=True; the answer names the utilisation move and its unit=True,PASS,
WI-17,what-if,,exercised,"A retired corporate operation is refused with what this engine does instead, and never falls through to it",signed in as retail.demo,whatif_chat,whatif_chat:WI-17,Chromium 1440x900 against the launcher's build,"A retired corporate operation is refused with what this engine does instead, and never falls through to it","A retired corporate operation is refused with what this engine does instead, and never falls through to it",docs/evidence/retail_functionality/screens/whatif-wi-17.png,completed=True; refused and explained=True; fell through to a rating engine=False,PASS,
WI-15,what-if,,exercised,"An empty or zero-baseline population is answered as empty, with no NaN, no stale result and no fake zero risk",signed in as retail.demo,whatif_chat,whatif_chat:WI-15,Chromium 1440x900 against the launcher's build,"An empty or zero-baseline population is answered as empty, with no NaN, no stale result and no fake zero risk","An empty or zero-baseline population is answered as empty, with no NaN, no stale result and no fake zero risk",docs/evidence/retail_functionality/screens/whatif-wi-15.png,completed=True; no NaN or Infinity on screen=True,PASS,
SIGNIN,shell,,exercised,Sign in with the demonstration account,signed in as retail.demo,whatif_fidelity,whatif_fidelity:SIGNIN,Chromium 1440x900 against the launcher's build,Sign in with the demonstration account,Sign in with the demonstration account,docs/evidence/retail_functionality/screens/whatif_fidelity-signed-in.png,signed in as retail.demo,PASS,
WF-01,what-if-fidelity,,exercised,"The navigation link serves the RETAIL What-If, not the corporate one",signed in as retail.demo,whatif_fidelity,whatif_fidelity:WF-01,Chromium 1440x900 against the launcher's build,"The navigation link serves the RETAIL What-If, not the corporate one","The navigation link serves the RETAIL What-If, not the corporate one",docs/evidence/retail_functionality/screens/wf-01-landing.png,opened=True retail screen present=True,PASS,
WF-02,what-if-fidelity,,exercised,"The screen names every methodology the engine implements, and both staging modes",signed in as retail.demo,whatif_fidelity,whatif_fidelity:WF-02,Chromium 1440x900 against the launcher's build,"The screen names every methodology the engine implements, and both staging modes","The screen names every methodology the engine implements, and both staging modes",docs/evidence/retail_functionality/whatif_fidelity.json,12 of 12 advertised on screen; missing=[],PASS,
WF-03,what-if-fidelity,,exercised,No corporate rating or sector vocabulary is reachable on the screen,signed in as retail.demo,whatif_fidelity,whatif_fidelity:WF-03,Chromium 1440x900 against the launcher's build,No corporate rating or sector vocabulary is reachable on the screen,No corporate rating or sector vocabulary is reachable on the screen,docs/evidence/retail_functionality/whatif_fidelity.json,none found,PASS,
WF-04,what-if-fidelity,,exercised,"'pd_relative' is reachable by typing a sentence, and is read as itself rather than as an unchanged book",signed in as retail.demo,whatif_fidelity,whatif_fidelity:WF-04,Chromium 1440x900 against the launcher's build,"'pd_relative' is reachable by typing a sentence, and is read as itself rather than as an unchanged book","'pd_relative' is reachable by typing a sentence, and is read as itself rather than as an unchanged book",docs/evidence/retail_functionality/screens/wf-04-pd-relative.png,read_as matched ['PD +20% relative']; neutral=False; baseline=[8994012.0] whatif=[10161669.0]; 3s,PASS,
WF-05,what-if-fidelity,,exercised,"'pd_absolute_pp' is reachable by typing a sentence, and is read as itself rather than as an unchanged book",signed in as retail.demo,whatif_fidelity,whatif_fidelity:WF-05,Chromium 1440x900 against the launcher's build,"'pd_absolute_pp' is reachable by typing a sentence, and is read as itself rather than as an unchanged book","'pd_absolute_pp' is reachable by typing a sentence, and is read as itself rather than as an unchanged book",docs/evidence/retail_functionality/screens/wf-05-pd-absolute-pp.png,read_as matched ['PD +2 percentage points']; neutral=False; baseline=[8994012.0] whatif=[15088559.0]; 3s,PASS,
WF-06,what-if-fidelity,,exercised,"'lgd_relative' is reachable by typing a sentence, and is read as itself rather than as an unchanged book",signed in as retail.demo,whatif_fidelity,whatif_fidelity:WF-06,Chromium 1440x900 against the launcher's build,"'lgd_relative' is reachable by typing a sentence, and is read as itself rather than as an unchanged book","'lgd_relative' is reachable by typing a sentence, and is read as itself rather than as an unchanged book",docs/evidence/retail_functionality/screens/wf-06-lgd-relative.png,read_as matched ['LGD +10% relative']; neutral=False; baseline=[8994012.0] whatif=[9603597.0]; 3s,PASS,
WF-07,what-if-fidelity,,exercised,"'collateral_value_pct' is reachable by typing a sentence, and is read as itself rather than as an unchanged book",signed in as retail.demo,whatif_fidelity,whatif_fidelity:WF-07,Chromium 1440x900 against the launcher's build,"'collateral_value_pct' is reachable by typing a sentence, and is read as itself rather than as an unchanged book","'collateral_value_pct' is reachable by typing a sentence, and is read as itself rather than as an unchanged book",docs/evidence/retail_functionality/screens/wf-07-collateral-value-pct.png,read_as matched ['collateral values -10% relative']; neutral=False; baseline=[2805159.0] whatif=[5206274.0]; 3s,PASS,
WF-08,what-if-fidelity,,exercised,"'recovery_delay_months' is reachable by typing a sentence, and is read as itself rather than as an unchanged book",signed in as retail.demo,whatif_fidelity,whatif_fidelity:WF-08,Chromium 1440x900 against the launcher's build,"'recovery_delay_months' is reachable by typing a sentence, and is read as itself rather than as an unchanged book","'recovery_delay_months' is reachable by typing a sentence, and is read as itself rather than as an unchanged book",docs/evidence/retail_functionality/screens/wf-08-recovery-delay-months.png,read_as matched ['recovery delayed 6 months']; neutral=False; baseline=[2805159.0] whatif=[3452635.0]; 3s,PASS,
WF-09,what-if-fidelity,,exercised,"'utilisation_pp' is reachable by typing a sentence, and is read as itself rather than as an unchanged book",signed in as retail.demo,whatif_fidelity,whatif_fidelity:WF-09,Chromium 1440x900 against the launcher's build,"'utilisation_pp' is reachable by typing a sentence, and is read as itself rather than as an unchanged book","'utilisation_pp' is reachable by typing a sentence, and is read as itself rather than as an unchanged book",docs/evidence/retail_functionality/screens/wf-09-utilisation-pp.png,read_as matched ['card utilisation +15 percentage points']; neutral=False; baseline=[15952109.0] whatif=[16335179.0]; 5s,PASS,
WF-10,what-if-fidelity,,exercised,"'ccf_absolute' is reachable by typing a sentence, and is read as itself rather than as an unchanged book",signed in as retail.demo,whatif_fidelity,whatif_fidelity:WF-10,Chromium 1440x900 against the launcher's build,"'ccf_absolute' is reachable by typing a sentence, and is read as itself rather than as an unchanged book","'ccf_absolute' is reachable by typing a sentence, and is read as itself rather than as an unchanged book",docs/evidence/retail_functionality/screens/wf-10-ccf-absolute.png,read_as matched ['credit conversion factor set to 0.60']; neutral=False; baseline=[3061762.0] whatif=[3301346.0]; 3s,PASS,
WF-11,what-if-fidelity,,exercised,"'income_pct' is reachable by typing a sentence, and is read as itself rather than as an unchanged book",signed in as retail.demo,whatif_fidelity,whatif_fidelity:WF-11,Chromium 1440x900 against the launcher's build,"'income_pct' is reachable by typing a sentence, and is read as itself rather than as an unchanged book","'income_pct' is reachable by typing a sentence, and is read as itself rather than as an unchanged book",docs/evidence/retail_functionality/screens/wf-11-income-pct.png,read_as matched ['verified income -15% relative']; neutral=False; baseline=[12717681.0] whatif=[13728027.0]; 5s,PASS,
WF-12,what-if-fidelity,,exercised,"'behavioural_score_points' is reachable by typing a sentence, and is read as itself rather than as an unchanged book",signed in as retail.demo,whatif_fidelity,whatif_fidelity:WF-12,Chromium 1440x900 against the launcher's build,"'behavioural_score_points' is reachable by typing a sentence, and is read as itself rather than as an unchanged book","'behavioural_score_points' is reachable by typing a sentence, and is read as itself rather than as an unchanged book",docs/evidence/retail_functionality/screens/wf-12-behavioural-score-points.png,read_as matched ['behavioural score -30 points']; neutral=False; baseline=[8994012.0] whatif=[12336267.0]; 3s,PASS,
WF-13,what-if-fidelity,,exercised,"'scenario_weights' is reachable by typing a sentence, and is read as itself rather than as an unchanged book",signed in as retail.demo,whatif_fidelity,whatif_fidelity:WF-13,Chromium 1440x900 against the launcher's build,"'scenario_weights' is reachable by typing a sentence, and is read as itself rather than as an unchanged book","'scenario_weights' is reachable by typing a sentence, and is read as itself rather than as an unchanged book",docs/evidence/retail_functionality/screens/wf-13-scenario-weights.png,read_as matched ['weights base/upturn/downturn']; neutral=False; baseline=[15952109.0] whatif=[18012973.0]; 5s,PASS,
WF-14,what-if-fidelity,,exercised,"'staging_mode' is reachable by typing a sentence, and is read as itself rather than as an unchanged book",signed in as retail.demo,whatif_fidelity,whatif_fidelity:WF-14,Chromium 1440x900 against the launcher's build,"'staging_mode' is reachable by typing a sentence, and is read as itself rather than as an unchanged book","'staging_mode' is reachable by typing a sentence, and is read as itself rather than as an unchanged book",docs/evidence/retail_functionality/screens/wf-14-staging-mode.png,read_as matched ['staging re-evaluated']; neutral=False; baseline=[8994012.0] whatif=[10286068.0]; 3s,PASS,
WF-15,what-if-fidelity,,exercised,"'cutoff_replay' is reachable by typing a sentence, and is read as itself rather than as an unchanged book",signed in as retail.demo,whatif_fidelity,whatif_fidelity:WF-15,Chromium 1440x900 against the launcher's build,"'cutoff_replay' is reachable by typing a sentence, and is read as itself rather than as an unchanged book","'cutoff_replay' is reachable by typing a sentence, and is read as itself rather than as an unchanged book",docs/evidence/retail_functionality/screens/wf-15-cutoff-replay.png,"read_as matched ['replay an application-score cutoff of 620']; neutral=False; cutoff card present=True, booked-only stated=True; 3s",PASS,
WF-16,what-if-fidelity,,exercised,A narrowing follow-up keeps the shock it narrows instead of answering with the published book,signed in as retail.demo,whatif_fidelity,whatif_fidelity:WF-16,Chromium 1440x900 against the launcher's build,A narrowing follow-up keeps the shock it narrows instead of answering with the published book,A narrowing follow-up keeps the shock it narrows instead of answering with the published book,docs/evidence/retail_functionality/screens/wf-16-narrowed.png,"first run [8994012.0, 10161669.0]; narrowed run [7290521.0, 8200787.0]; population stated=True; carry stated=True",PASS,
WF-17,what-if-fidelity,,exercised,A replacement replaces the earlier shock rather than compounding on top of it,signed in as retail.demo,whatif_fidelity,whatif_fidelity:WF-17,Chromium 1440x900 against the launcher's build,A replacement replaces the earlier shock rather than compounding on top of it,A replacement replaces the earlier shock rather than compounding on top of it,docs/evidence/retail_functionality/screens/wf-17-replaced.png,narrowed what-if=[8200787.0]; replaced what-if=[11926161.0]; relative shock still shown=False,PASS,
WF-18,what-if-fidelity,,exercised,The replaced run and the same scenario asked from scratch reach the SAME figures — replacement is not almost-replacement,signed in as retail.demo,whatif_fidelity,whatif_fidelity:WF-18,Chromium 1440x900 against the launcher's build,The replaced run and the same scenario asked from scratch reach the SAME figures — replacement is not almost-replacement,The replaced run and the same scenario asked from scratch reach the SAME figures — replacement is not almost-replacement,docs/evidence/retail_functionality/screens/wf-18-fresh.png,"after replacement=[7290521.0, 11926161.0]; from scratch=[7290521.0, 11926161.0]",PASS,
WF-19,what-if-fidelity,,exercised,"An ambiguous unit is answered with a question offering both readings, not with a guess",signed in as retail.demo,whatif_fidelity,whatif_fidelity:WF-19,Chromium 1440x900 against the launcher's build,"An ambiguous unit is answered with a question offering both readings, not with a guess","An ambiguous unit is answered with a question offering both readings, not with a guess",docs/evidence/retail_functionality/screens/wf-19-clarification.png,clarification shown=True; options=2,PASS,
WF-20,what-if-fidelity,,exercised,"Clicking a reading runs EXACTLY that reading, with nothing carried underneath it",signed in as retail.demo,whatif_fidelity,whatif_fidelity:WF-20,Chromium 1440x900 against the launcher's build,"Clicking a reading runs EXACTLY that reading, with nothing carried underneath it","Clicking a reading runs EXACTLY that reading, with nothing carried underneath it",docs/evidence/retail_functionality/screens/wf-20-chosen.png,percentage-point reading on screen=True; relative reading also present=False,PASS,
WF-21,what-if-fidelity,,exercised,"A retired corporate operation is refused WHOLE, with the list of what this engine does implement",signed in as retail.demo,whatif_fidelity,whatif_fidelity:WF-21,Chromium 1440x900 against the launcher's build,"A retired corporate operation is refused WHOLE, with the list of what this engine does implement","A retired corporate operation is refused WHOLE, with the list of what this engine does implement",docs/evidence/retail_functionality/screens/wf-21-refusal.png,refusal card=True; reason stated=True; supported list shown=True,PASS,
WF-22,what-if-fidelity,,exercised,"A direct link to a retired corporate What-If route lands on a meaningful in-app fallback, not on a corporate screen over a book that is not served",signed in as retail.demo,whatif_fidelity,whatif_fidelity:WF-22,Chromium 1440x900 against the launcher's build,"A direct link to a retired corporate What-If route lands on a meaningful in-app fallback, not on a corporate screen over a book that is not served","A direct link to a retired corporate What-If route lands on a meaningful in-app fallback, not on a corporate screen over a book that is not served",docs/evidence/retail_functionality/whatif_fidelity.json,/what-if/thread: fallback=True link=True corporate=False; /what-if/models/delta: fallback=True link=True corporate=False; /what-if/models/ml: fallback=True link=True corporate=False,PASS,
SIGNIN,shell,,exercised,Sign in with the demonstration account,signed in as retail.demo,whatif_journeys,whatif_journeys:SIGNIN,Chromium 1440x900 against the launcher's build,Sign in with the demonstration account,Sign in with the demonstration account,docs/evidence/retail_functionality/screens/whatif_journeys-signed-in.png,signed in as retail.demo,PASS,
WI-09,what-if,,exercised,"Asking what changed explains THAT run's numbers and assumptions, not another scenario and not invented figures",signed in as retail.demo,whatif_journeys,whatif_journeys:WI-09,Chromium 1440x900 against the launcher's build,"Asking what changed explains THAT run's numbers and assumptions, not another scenario and not invented figures","Asking what changed explains THAT run's numbers and assumptions, not another scenario and not invented figures",docs/evidence/retail_functionality/screens/whatif-wi-09.png,completed=True; the answer is about this run=True; it invents a corporate dimension=False,PASS,
WI-10,what-if,,exercised,"Changing the month on the form and re-running uses the new month, and the conversation and the form agree",signed in as retail.demo,whatif_journeys,whatif_journeys:WI-10,Chromium 1440x900 against the launcher's build,"Changing the month on the form and re-running uses the new month, and the conversation and the form agree","Changing the month on the form and re-running uses the new month, and the conversation and the form agree",docs/evidence/retail_functionality/screens/whatif-wi-10.png,the month control exists=True; the re-run used the month the form now shows=True,PASS,
WI-11,what-if,,exercised,"A saved run is a real stored record, and reopening it restores its own definition, snapshot and figures",signed in as retail.demo,whatif_journeys,whatif_journeys:WI-11,Chromium 1440x900 against the launcher's build,"A saved run is a real stored record, and reopening it restores its own definition, snapshot and figures","A saved run is a real stored record, and reopening it restores its own definition, snapshot and figures",docs/evidence/retail_functionality/screens/whatif-wi-11.png,the UI reported it saved=True; the STORED record carries the shock it ran=True; reopening restored it=True,PASS,
WI-12,what-if,,exercised,"Reopening a saved run after changing the month shows ITS pinned month, and never silently rebases it",signed in as retail.demo,whatif_journeys,whatif_journeys:WI-12,Chromium 1440x900 against the launcher's build,"Reopening a saved run after changing the month shows ITS pinned month, and never silently rebases it","Reopening a saved run after changing the month shows ITS pinned month, and never silently rebases it",docs/evidence/retail_functionality/screens/whatif-wi-12.png,the reopened run still states its own month=True,PASS,
WI-13,what-if,,exercised,"Both advertised export formats download, parse, and carry figures that reconcile with the stored run",signed in as retail.demo,whatif_journeys,whatif_journeys:WI-13,Chromium 1440x900 against the launcher's build,"Both advertised export formats download, parse, and carry figures that reconcile with the stored run","Both advertised export formats download, parse, and carry figures that reconcile with the stored run",docs/evidence/retail_functionality/whatif_journeys.json,CSV: 25 rows; run WIF-567a1eb032d0f3c6d8e3; shocks pd_absolute_pp=2. JSON: run WIF-567a1eb032d0f3c6d8e3; baseline 3061761.69. The two agree=True,PASS,
WI-19,what-if,,exercised,"Two SAVED runs are compared as themselves, with any difference in month, population or methodology stated",signed in as retail.demo,whatif_journeys,whatif_journeys:WI-19,Chromium 1440x900 against the launcher's build,"Two SAVED runs are compared as themselves, with any difference in month, population or methodology stated","Two SAVED runs are compared as themselves, with any difference in month, population or methodology stated",docs/evidence/retail_functionality/whatif_journeys.json,compared WIJ-11 152727 with WIJ-19 152727; comparable=True; differences=[],PASS,
WI-14,what-if,,exercised,Clear ends the conversation and leaves saved runs and the canonical book untouched,signed in as retail.demo,whatif_journeys,whatif_journeys:WI-14,Chromium 1440x900 against the launcher's build,Clear ends the conversation and leaves saved runs and the canonical book untouched,Clear ends the conversation and leaves saved runs and the canonical book untouched,docs/evidence/retail_functionality/screens/whatif-wi-14.png,the control exists=True; the conversation was cleared=True; saved runs survived=True,PASS,
WI-18,what-if,,exercised,A rejected-applicant question states the observed-replay limitation instead of inventing outcomes,signed in as retail.demo,whatif_journeys,whatif_journeys:WI-18,Chromium 1440x900 against the launcher's build,A rejected-applicant question states the observed-replay limitation instead of inventing outcomes,A rejected-applicant question states the observed-replay limitation instead of inventing outcomes,docs/evidence/retail_functionality/screens/whatif-wi-18.png,the answer states what it cannot know=True; it claims proven future performance=False,PASS,
WI-20,what-if,,exercised,Moving between the two chat boxes keeps their states apart: no shock leaks into the Cockpit and no question into What-If,signed in as retail.demo,whatif_journeys,whatif_journeys:WI-20,Chromium 1440x900 against the launcher's build,Moving between the two chat boxes keeps their states apart: no shock leaks into the Cockpit and no question into What-If,Moving between the two chat boxes keeps their states apart: no shock leaks into the Cockpit and no question into What-If,docs/evidence/retail_functionality/screens/whatif-wi-20.png,the Cockpit answer carried a What-If shock=False; the What-If box came back without a stale run=True,PASS,
WI-16,what-if,,exercised,"A run interrupted by navigation leaves no half-written record, and the retry answers once",signed in as retail.demo,whatif_journeys,whatif_journeys:WI-16,Chromium 1440x900 against the launcher's build,"A run interrupted by navigation leaves no half-written record, and the retry answers once","A run interrupted by navigation leaves no half-written record, and the retry answers once",docs/evidence/retail_functionality/screens/whatif-wi-16.png,the retry completed=True; saved records named by this suite: 2 (expected 2 — no duplicate was written),PASS,
WI-14b,what-if,,exercised,DESTRUCTIVE — Delete removes the record this suite created and nothing else,signed in as retail.demo,whatif_journeys,whatif_journeys:WI-14b,Chromium 1440x900 against the launcher's build,DESTRUCTIVE — Delete removes the record this suite created and nothing else,DESTRUCTIVE — Delete removes the record this suite created and nothing else,docs/evidence/retail_functionality/whatif_journeys.json,the test-owned record 31 was deleted=True; every other saved run survived=True,PASS,
